"","Entry","group","n","conserved","partial","no","noOrth","penaltyScore"
"1","Q96PL2","CMA",25,17,0,6,2,0.6
"2","Q96PL2","noCMA",25,0,0,6,19,-0.76
"3","Q99757","CMA",25,19,0,1,5,0.56
"4","Q99757","noCMA",25,3,2,15,5,-0.04
"5","Q99593","CMA",25,21,0,2,2,0.76
"6","Q99593","noCMA",25,13,2,7,3,0.44
"7","Q5U3C3","CMA",25,17,0,4,4,0.52
"8","Q5U3C3","noCMA",25,6,0,13,6,0
"9","C9J3V5","CMA",25,2,0,3,20,-0.72
"10","C9J3V5","noCMA",25,0,0,0,25,-1
"11","Q96AN5","CMA",25,14,0,7,4,0.4
"12","Q96AN5","noCMA",25,0,0,5,20,-0.8
"13","Q8IY95","CMA",25,20,0,0,5,0.6
"14","Q8IY95","noCMA",25,13,0,2,10,0.12
"15","Q9Y2S6","CMA",25,14,0,0,11,0.12
"16","Q9Y2S6","noCMA",25,0,0,0,25,-1
"17","Q9UHQ7","CMA",25,17,0,1,7,0.4
"18","Q9UHQ7","noCMA",25,0,0,0,25,-1
"19","P56279","CMA",25,3,0,16,6,-0.12
"20","P56279","noCMA",25,0,0,0,25,-1
"21","Q8N8B7","CMA",25,10,0,13,2,0.32
"22","Q8N8B7","noCMA",25,0,0,24,1,-0.04
"23","A6NFA1","CMA",25,5,0,13,7,-0.08
"24","A6NFA1","noCMA",25,2,1,11,11,-0.34
"25","O60806","CMA",25,18,0,5,2,0.64
"26","O60806","noCMA",25,0,0,22,3,-0.12
"27","Q96LM6","CMA",25,9,0,7,9,0
"28","Q96LM6","noCMA",25,0,0,0,25,-1
"29","Q8WZ71","CMA",25,5,1,1,18,-0.5
"30","Q8WZ71","noCMA",25,1,0,0,24,-0.92
"31","Q969S6","CMA",25,12,0,2,11,0.04
"32","Q969S6","noCMA",25,5,0,9,11,-0.24
"33","Q2WGJ8","CMA",25,4,0,12,9,-0.2
"34","Q2WGJ8","noCMA",25,0,0,2,23,-0.92
"35","Q0VDI3","CMA",25,15,0,6,4,0.44
"36","Q0VDI3","noCMA",25,1,0,13,11,-0.4
"37","Q92563","CMA",25,1,1,21,2,-0.02
"38","Q92563","noCMA",25,4,0,14,7,-0.12
"39","Q9BTD3","CMA",25,10,0,1,14,-0.16
"40","Q9BTD3","noCMA",25,5,0,3,17,-0.48
"41","Q9NS93","CMA",25,19,0,3,3,0.64
"42","Q9NS93","noCMA",25,0,1,15,9,-0.34
"43","A0PJW6","CMA",25,6,0,15,4,0.08
"44","A0PJW6","noCMA",25,0,0,18,7,-0.28
"45","Q96B21","CMA",25,3,0,20,2,0.04
"46","Q96B21","noCMA",25,1,0,11,13,-0.48
"47","Q9NVH6","CMA",25,7,0,13,5,0.08
"48","Q9NVH6","noCMA",25,0,0,17,8,-0.32
"49","Q86WS5","CMA",25,4,0,19,2,0.08
"50","Q86WS5","noCMA",25,0,0,22,3,-0.12
"51","Q9Y320","CMA",25,18,0,2,5,0.52
"52","Q9Y320","noCMA",25,4,1,15,5,-0.02
"53","Q9BVK6","CMA",25,19,1,3,2,0.7
"54","Q9BVK6","noCMA",25,13,0,11,1,0.48
"55","Q8TAF8","CMA",25,1,0,22,2,-0.04
"56","Q8TAF8","noCMA",25,3,0,19,3,0
"57","Q9Y2Y6","CMA",25,20,0,1,4,0.64
"58","Q9Y2Y6","noCMA",25,0,0,12,13,-0.52
"59","Q8WZ04","CMA",25,14,0,9,2,0.48
"60","Q8WZ04","noCMA",25,1,2,12,10,-0.32
"61","Q9NS56","CMA",25,6,0,14,5,0.04
"62","Q9NS56","noCMA",25,0,0,20,5,-0.2
"63","Q8N7U7","CMA",25,1,0,2,22,-0.84
"64","Q8N7U7","noCMA",25,0,0,0,25,-1
"65","A0PJX2","CMA",25,17,0,6,2,0.6
"66","A0PJX2","noCMA",25,0,0,24,1,-0.04
"67","Q9NZQ9","CMA",25,18,4,1,2,0.72
"68","Q9NZQ9","noCMA",25,2,1,18,4,-0.06
"69","P0DI82","CMA",25,19,0,2,4,0.6
"70","P0DI82","noCMA",25,9,1,12,3,0.26
"71","Q5T215","CMA",25,0,0,23,2,-0.08
"72","Q5T215","noCMA",25,2,0,22,1,0.04
"73","Q8IWU9","CMA",25,4,0,19,2,0.08
"74","Q8IWU9","noCMA",25,1,0,21,3,-0.08
"75","P0CI25","CMA",25,3,5,15,2,0.14
"76","P0CI25","noCMA",25,1,0,23,1,0
"77","Q6ZNR0","CMA",25,6,0,4,15,-0.36
"78","Q6ZNR0","noCMA",25,0,0,0,25,-1
"79","P57727","CMA",25,12,0,11,2,0.4
"80","P57727","noCMA",25,0,0,22,3,-0.12
"81","P17752","CMA",25,1,0,22,2,-0.04
"82","P17752","noCMA",25,0,1,21,3,-0.1
"83","O14836","CMA",25,12,0,7,6,0.24
"84","O14836","noCMA",25,0,0,0,25,-1
"85","P0CI26","CMA",25,3,5,15,2,0.14
"86","P0CI26","noCMA",25,1,0,23,1,0
"87","P36406","CMA",25,0,0,23,2,-0.08
"88","P36406","noCMA",25,2,0,22,1,0.04
"89","Q9UET6","CMA",25,14,1,2,8,0.26
"90","Q9UET6","noCMA",25,5,0,19,1,0.16
"91","Q9BTV4","CMA",25,11,0,11,3,0.32
"92","Q9BTV4","noCMA",25,0,0,15,10,-0.4
"93","Q96A61","CMA",25,0,3,20,2,-0.02
"94","Q96A61","noCMA",25,0,1,23,1,-0.02
"95","Q6ZTA4","CMA",25,22,0,1,2,0.8
"96","Q6ZTA4","noCMA",25,4,0,16,5,-0.04
"97","Q6ZTW0","CMA",25,10,0,4,11,-0.04
"98","Q6ZTW0","noCMA",25,0,0,8,17,-0.68
"99","Q8WUA8","CMA",25,0,10,13,2,0.12
"100","Q8WUA8","noCMA",25,0,0,24,1,-0.04
"101","P43489","CMA",25,3,0,15,7,-0.16
"102","P43489","noCMA",25,0,0,0,25,-1
"103","P0DI81","CMA",25,19,0,2,4,0.6
"104","P0DI81","noCMA",25,9,1,12,3,0.26
"105","Q16890","CMA",25,0,0,23,2,-0.08
"106","Q16890","noCMA",25,3,1,17,4,-0.02
"107","Q15629","CMA",25,0,0,23,2,-0.08
"108","Q15629","noCMA",25,0,0,22,3,-0.12
"109","Q9UJK0","CMA",25,15,0,5,5,0.4
"110","Q9UJK0","noCMA",25,0,0,22,3,-0.12
"111","Q53H54","CMA",25,11,0,8,6,0.2
"112","Q53H54","noCMA",25,0,0,14,11,-0.44
"113","P0CV98","CMA",25,0,0,23,2,-0.08
"114","P0CV98","noCMA",25,0,0,22,3,-0.12
"115","P0CW00","CMA",25,0,0,23,2,-0.08
"116","P0CW00","noCMA",25,0,0,22,3,-0.12
"117","Q5BVD1","CMA",25,2,0,19,4,-0.08
"118","Q5BVD1","noCMA",25,0,0,0,25,-1
"119","P0CV99","CMA",25,0,0,23,2,-0.08
"120","P0CV99","noCMA",25,0,0,22,3,-0.12
"121","Q86TN4","CMA",25,13,0,8,4,0.36
"122","Q86TN4","noCMA",25,1,0,16,8,-0.28
"123","Q9H1D0","CMA",25,2,0,21,2,0
"124","Q9H1D0","noCMA",25,0,1,18,6,-0.22
"125","O95859","CMA",25,22,0,1,2,0.8
"126","O95859","noCMA",25,1,0,21,3,-0.08
"127","A6NKD2","CMA",25,0,0,23,2,-0.08
"128","A6NKD2","noCMA",25,0,0,22,3,-0.12
"129","Q96B02","CMA",25,22,0,1,2,0.8
"130","Q96B02","noCMA",25,9,0,12,4,0.2
"131","A5PLN9","CMA",25,16,0,7,2,0.56
"132","A5PLN9","noCMA",25,4,1,15,5,-0.02
"133","O00220","CMA",25,1,0,17,7,-0.24
"134","O00220","noCMA",25,0,0,6,19,-0.76
"135","Q49AM3","CMA",25,0,0,23,2,-0.08
"136","Q49AM3","noCMA",25,0,0,24,1,-0.04
"137","O14817","CMA",25,1,0,22,2,-0.04
"138","O14817","noCMA",25,0,0,22,3,-0.12
"139","Q01534","CMA",25,0,0,23,2,-0.08
"140","Q01534","noCMA",25,0,0,22,3,-0.12
"141","P0CW01","CMA",25,0,0,23,2,-0.08
"142","P0CW01","noCMA",25,0,0,22,3,-0.12
"143","A1L157","CMA",25,15,0,8,2,0.52
"144","A1L157","noCMA",25,4,0,18,3,0.04
"145","P00750","CMA",25,7,0,16,2,0.2
"146","P00750","noCMA",25,1,0,21,3,-0.08
"147","Q9NP99","CMA",25,6,2,12,5,0.08
"148","Q9NP99","noCMA",25,0,0,0,25,-1
"149","A2A3L6","CMA",25,0,0,23,2,-0.08
"150","A2A3L6","noCMA",25,0,1,23,1,-0.02
"151","P25874","CMA",25,13,0,10,2,0.44
"152","P25874","noCMA",25,0,0,22,3,-0.12
"153","Q9BRA2","CMA",25,20,0,2,3,0.68
"154","Q9BRA2","noCMA",25,4,3,12,6,-0.02
"155","O43818","CMA",25,19,0,2,4,0.6
"156","O43818","noCMA",25,15,0,9,1,0.56
"157","Q15819","CMA",25,19,0,3,3,0.64
"158","Q15819","noCMA",25,12,4,8,1,0.52
"159","Q9Y5Z9","CMA",25,17,0,5,3,0.56
"160","Q9Y5Z9","noCMA",25,2,0,15,8,-0.24
"161","O60294","CMA",25,10,0,13,2,0.32
"162","O60294","noCMA",25,1,0,23,1,0
"163","Q8NBM4","CMA",25,17,0,6,2,0.6
"164","Q8NBM4","noCMA",25,0,0,12,13,-0.52
"165","Q9BZX2","CMA",25,17,0,5,3,0.56
"166","Q9BZX2","noCMA",25,2,1,21,1,0.06
"167","Q8NBS9","CMA",25,0,0,23,2,-0.08
"168","Q8NBS9","noCMA",25,0,0,24,1,-0.04
"169","O94782","CMA",25,0,0,23,2,-0.08
"170","O94782","noCMA",25,0,0,24,1,-0.04
"171","Q86WB7","CMA",25,0,0,23,2,-0.08
"172","Q86WB7","noCMA",25,0,0,21,4,-0.16
"173","Q9C0B0","CMA",25,18,0,2,5,0.52
"174","Q9C0B0","noCMA",25,6,0,6,13,-0.28
"175","Q13404","CMA",25,18,0,4,3,0.6
"176","Q13404","noCMA",25,11,4,9,1,0.48
"177","F5GYI3","CMA",25,7,0,1,17,-0.4
"178","F5GYI3","noCMA",25,0,0,2,23,-0.92
"179","Q9NZI7","CMA",25,20,0,3,2,0.72
"180","Q9NZI7","noCMA",25,9,0,12,4,0.2
"181","Q9H9P5","CMA",25,18,0,2,5,0.52
"182","Q9H9P5","noCMA",25,6,0,6,13,-0.28
"183","Q9Y2C2","CMA",25,1,0,22,2,-0.04
"184","Q9Y2C2","noCMA",25,0,0,22,3,-0.12
"185","Q9BY64","CMA",25,1,0,22,2,-0.04
"186","Q9BY64","noCMA",25,0,1,19,5,-0.18
"187","P21281","CMA",25,16,0,7,2,0.56
"188","P21281","noCMA",25,7,0,17,1,0.24
"189","Q13336","CMA",25,2,0,21,2,0
"190","Q13336","noCMA",25,0,0,8,17,-0.68
"191","P51809","CMA",25,19,0,3,3,0.64
"192","P51809","noCMA",25,4,0,16,5,-0.04
"193","O60504","CMA",25,14,0,1,10,0.16
"194","O60504","noCMA",25,1,0,0,24,-0.92
"195","Q8NEZ2","CMA",25,17,0,6,2,0.6
"196","Q8NEZ2","noCMA",25,0,0,21,4,-0.16
"197","Q2NL98","CMA",25,4,0,14,7,-0.12
"198","Q2NL98","noCMA",25,0,0,5,20,-0.8
"199","Q5VU13","CMA",25,16,0,4,5,0.44
"200","Q5VU13","noCMA",25,0,0,7,18,-0.72
"201","A8MXK1","CMA",25,14,1,4,6,0.34
"202","A8MXK1","noCMA",25,0,0,5,20,-0.8
"203","P42768","CMA",25,0,0,23,2,-0.08
"204","P42768","noCMA",25,0,0,19,6,-0.24
"205","Q13426","CMA",25,4,0,17,4,0
"206","Q13426","noCMA",25,1,0,6,18,-0.68
"207","Q86VZ2","CMA",25,16,0,7,2,0.56
"208","Q86VZ2","noCMA",25,5,0,19,1,0.16
"209","Q5MNZ9","CMA",25,5,0,18,2,0.12
"210","Q5MNZ9","noCMA",25,4,1,18,2,0.1
"211","Q7Z5U6","CMA",25,13,0,6,6,0.28
"212","Q7Z5U6","noCMA",25,0,0,8,17,-0.68
"213","Q96AJ9","CMA",25,1,0,22,2,-0.04
"214","Q96AJ9","noCMA",25,1,0,23,1,0
"215","Q9NYS7","CMA",25,17,0,6,2,0.6
"216","Q9NYS7","noCMA",25,0,0,24,1,-0.04
"217","Q9Y2B5","CMA",25,17,0,3,5,0.48
"218","Q9Y2B5","noCMA",25,5,0,5,15,-0.4
"219","Q9Y4P8","CMA",25,1,0,22,2,-0.04
"220","Q9Y4P8","noCMA",25,2,1,20,2,0.02
"221","P58557","CMA",25,10,2,7,6,0.2
"222","P58557","noCMA",25,1,0,7,17,-0.64
"223","A8MT66","CMA",25,2,0,4,19,-0.68
"224","A8MT66","noCMA",25,0,0,0,25,-1
"225","O15498","CMA",25,16,0,7,2,0.56
"226","O15498","noCMA",25,1,0,23,1,0
"227","Q9HCK0","CMA",25,18,0,5,2,0.64
"228","Q9HCK0","noCMA",25,3,0,21,1,0.08
"229","Q96MM3","CMA",25,4,3,16,2,0.14
"230","Q96MM3","noCMA",25,1,0,23,1,0
"231","Q8TF47","CMA",25,14,1,8,2,0.5
"232","Q8TF47","noCMA",25,1,0,23,1,0
"233","O43670","CMA",25,19,0,4,2,0.68
"234","O43670","noCMA",25,2,0,19,4,-0.08
"235","Q8NAF0","CMA",25,10,0,13,2,0.32
"236","Q8NAF0","noCMA",25,0,0,24,1,-0.04
"237","Q5T5D7","CMA",25,11,0,12,2,0.36
"238","Q5T5D7","noCMA",25,1,0,23,1,0
"239","P17029","CMA",25,18,0,5,2,0.64
"240","P17029","noCMA",25,0,0,24,1,-0.04
"241","Q5JVG8","CMA",25,3,0,20,2,0.04
"242","Q5JVG8","noCMA",25,0,0,24,1,-0.04
"243","Q8N587","CMA",25,0,0,23,2,-0.08
"244","Q8N587","noCMA",25,0,0,24,1,-0.04
"245","Q6ZMS7","CMA",25,22,0,1,2,0.8
"246","Q6ZMS7","noCMA",25,0,0,24,1,-0.04
"247","Q6ZN11","CMA",25,17,0,6,2,0.6
"248","Q6ZN11","noCMA",25,0,0,24,1,-0.04
"249","Q6ZN06","CMA",25,1,0,22,2,-0.04
"250","Q6ZN06","noCMA",25,0,0,24,1,-0.04
"251","Q6ZN08","CMA",25,2,0,21,2,0
"252","Q6ZN08","noCMA",25,0,0,24,1,-0.04
"253","Q96PM9","CMA",25,15,0,8,2,0.52
"254","Q96PM9","noCMA",25,0,0,9,16,-0.64
"255","Q9NUD5","CMA",25,4,0,1,20,-0.64
"256","Q9NUD5","noCMA",25,0,0,0,25,-1
"257","Q7RTV3","CMA",25,14,0,9,2,0.48
"258","Q7RTV3","noCMA",25,4,2,18,1,0.16
"259","Q9P2J8","CMA",25,1,1,21,2,-0.02
"260","Q9P2J8","noCMA",25,0,0,24,1,-0.04
"261","Q75MW2","CMA",25,22,0,1,2,0.8
"262","Q75MW2","noCMA",25,0,0,24,1,-0.04
"263","Q8WV99","CMA",25,10,1,12,2,0.34
"264","Q8WV99","noCMA",25,0,0,23,2,-0.08
"265","Q96NJ3","CMA",25,5,1,17,2,0.14
"266","Q96NJ3","noCMA",25,0,0,24,1,-0.04
"267","Q06732","CMA",25,8,0,15,2,0.24
"268","Q06732","noCMA",25,0,0,24,1,-0.04
"269","Q86UK7","CMA",25,18,0,3,4,0.56
"270","Q86UK7","noCMA",25,0,1,22,2,-0.06
"271","Q969S3","CMA",25,19,0,4,2,0.68
"272","Q969S3","noCMA",25,5,1,18,1,0.18
"273","Q6ZNC4","CMA",25,16,0,7,2,0.56
"274","Q6ZNC4","noCMA",25,3,0,15,7,-0.16
"275","Q9Y6M5","CMA",25,0,0,23,2,-0.08
"276","Q9Y6M5","noCMA",25,0,0,22,3,-0.12
"277","Q5W0Z9","CMA",25,21,0,2,2,0.76
"278","Q5W0Z9","noCMA",25,5,0,18,2,0.12
"279","Q6NUN9","CMA",25,22,0,1,2,0.8
"280","Q6NUN9","noCMA",25,0,1,23,1,-0.02
"281","Q8TAD4","CMA",25,18,0,5,2,0.64
"282","Q8TAD4","noCMA",25,2,0,22,1,0.04
"283","A8MXK9","CMA",25,3,0,0,22,-0.76
"284","A8MXK9","noCMA",25,0,0,0,25,-1
"285","P17025","CMA",25,11,0,12,2,0.36
"286","P17025","noCMA",25,0,0,24,1,-0.04
"287","O95201","CMA",25,10,0,13,2,0.32
"288","O95201","noCMA",25,0,0,24,1,-0.04
"289","B1APH4","CMA",25,2,0,21,2,0
"290","B1APH4","noCMA",25,0,0,24,1,-0.04
"291","Q9BS34","CMA",25,2,0,21,2,0
"292","Q9BS34","noCMA",25,0,0,24,1,-0.04
"293","O15156","CMA",25,13,0,10,2,0.44
"294","O15156","noCMA",25,0,0,24,1,-0.04
"295","A2RRD8","CMA",25,3,3,17,2,0.1
"296","A2RRD8","noCMA",25,0,0,24,1,-0.04
"297","Q8N9F8","CMA",25,1,0,22,2,-0.04
"298","Q8N9F8","noCMA",25,0,0,24,1,-0.04
"299","Q96JC4","CMA",25,1,0,22,2,-0.04
"300","Q96JC4","noCMA",25,0,1,23,1,-0.02
"301","Q68DY1","CMA",25,2,0,21,2,0
"302","Q68DY1","noCMA",25,0,0,24,1,-0.04
"303","Q96K58","CMA",25,19,0,4,2,0.68
"304","Q96K58","noCMA",25,0,0,24,1,-0.04
"305","A8MWP6","CMA",25,3,0,0,22,-0.76
"306","A8MWP6","noCMA",25,0,0,0,25,-1
"307","Q9Y330","CMA",25,18,0,5,2,0.64
"308","Q9Y330","noCMA",25,5,1,18,1,0.18
"309","Q13105","CMA",25,21,0,2,2,0.76
"310","Q13105","noCMA",25,3,0,21,1,0.08
"311","Q15935","CMA",25,0,0,23,2,-0.08
"312","Q15935","noCMA",25,0,0,24,1,-0.04
"313","Q96LW9","CMA",25,2,0,21,2,0
"314","Q96LW9","noCMA",25,0,0,24,1,-0.04
"315","A6NGD5","CMA",25,3,0,20,2,0.04
"316","A6NGD5","noCMA",25,0,0,24,1,-0.04
"317","P62258","CMA",25,20,0,3,2,0.72
"318","P62258","noCMA",25,22,0,2,1,0.84
"319","P61981","CMA",25,20,0,3,2,0.72
"320","P61981","noCMA",25,24,0,0,1,0.92
"321","P63104","CMA",25,21,0,2,2,0.76
"322","P63104","noCMA",25,22,0,2,1,0.84
"323","Q31610","CMA",25,1,2,20,2,0
"324","Q31610","noCMA",25,0,0,6,19,-0.76
"325","Q16537","CMA",25,23,0,0,2,0.84
"326","Q16537","noCMA",25,21,0,3,1,0.8
"327","Q9Y312","CMA",25,11,0,12,2,0.36
"328","Q9Y312","noCMA",25,0,0,22,3,-0.12
"329","P31946","CMA",25,22,0,1,2,0.8
"330","P31946","noCMA",25,24,0,0,1,0.92
"331","Q9Y614","CMA",25,18,0,5,2,0.64
"332","Q9Y614","noCMA",25,0,1,23,1,-0.02
"333","Q96CM8","CMA",25,17,1,5,2,0.62
"334","Q96CM8","noCMA",25,0,4,16,5,-0.12
"335","P18825","CMA",25,10,3,10,2,0.38
"336","P18825","noCMA",25,2,10,10,3,0.16
"337","Q29974","CMA",25,11,1,11,2,0.38
"338","Q29974","noCMA",25,1,0,4,20,-0.76
"339","Q9HC16","CMA",25,0,0,20,5,-0.2
"340","Q9HC16","noCMA",25,0,0,0,25,-1
"341","O14561","CMA",25,2,12,9,2,0.24
"342","O14561","noCMA",25,0,3,18,4,-0.1
"343","Q6UXT9","CMA",25,4,0,0,21,-0.68
"344","Q6UXT9","noCMA",25,0,0,9,16,-0.64
"345","P00519","CMA",25,6,0,17,2,0.16
"346","P00519","noCMA",25,3,0,19,3,0
"347","P49748","CMA",25,0,0,23,2,-0.08
"348","P49748","noCMA",25,0,0,22,3,-0.12
"349","Q719I0","CMA",25,5,0,18,2,0.12
"350","Q719I0","noCMA",25,0,0,23,2,-0.08
"351","P10321","CMA",25,2,1,20,2,0.02
"352","P10321","noCMA",25,0,0,6,19,-0.76
"353","P08697","CMA",25,1,0,22,2,-0.04
"354","P08697","noCMA",25,0,0,21,4,-0.16
"355","P08910","CMA",25,22,0,1,2,0.8
"356","P08910","noCMA",25,6,0,16,3,0.12
"357","P30486","CMA",25,1,2,20,2,0
"358","P30486","noCMA",25,0,0,6,19,-0.76
"359","Q8N5Z0","CMA",25,18,0,5,2,0.64
"360","Q8N5Z0","noCMA",25,0,0,22,3,-0.12
"361","P01911","CMA",25,11,1,11,2,0.38
"362","P01911","noCMA",25,1,0,4,20,-0.76
"363","P31937","CMA",25,2,0,21,2,0
"364","P31937","noCMA",25,5,0,16,4,0.04
"365","P01011","CMA",25,1,0,22,2,-0.04
"366","P01011","noCMA",25,0,0,21,4,-0.16
"367","P30837","CMA",25,11,0,12,2,0.36
"368","P30837","noCMA",25,4,1,19,1,0.14
"369","P51648","CMA",25,0,0,23,2,-0.08
"370","P51648","noCMA",25,9,0,14,2,0.28
"371","Q9Y673","CMA",25,2,0,21,2,0
"372","Q9Y673","noCMA",25,0,1,23,1,-0.02
"373","Q92572","CMA",25,22,0,1,2,0.8
"374","Q92572","noCMA",25,19,1,4,1,0.74
"375","Q15699","CMA",25,21,0,2,2,0.76
"376","Q15699","noCMA",25,7,0,17,1,0.24
"377","Q16671","CMA",25,12,0,11,2,0.4
"378","Q16671","noCMA",25,0,1,21,3,-0.1
"379","Q96EY9","CMA",25,10,1,2,12,-0.06
"380","Q96EY9","noCMA",25,1,0,21,3,-0.08
"381","Q5JTC6","CMA",25,18,0,3,4,0.56
"382","Q5JTC6","noCMA",25,0,0,6,19,-0.76
"383","O95076","CMA",25,23,0,0,2,0.84
"384","O95076","noCMA",25,8,0,16,1,0.28
"385","P18089","CMA",25,17,6,0,2,0.72
"386","P18089","noCMA",25,2,9,11,3,0.14
"387","Q13443","CMA",25,11,1,11,2,0.38
"388","Q13443","noCMA",25,0,0,23,2,-0.08
"389","Q92685","CMA",25,12,0,7,6,0.24
"390","Q92685","noCMA",25,0,0,24,1,-0.04
"391","P02760","CMA",25,3,0,20,2,0.04
"392","P02760","noCMA",25,0,0,22,3,-0.12
"393","Q86WK7","CMA",25,4,0,15,6,-0.08
"394","Q86WK7","noCMA",25,0,0,6,19,-0.76
"395","P06280","CMA",25,10,1,12,2,0.34
"396","P06280","noCMA",25,0,0,23,2,-0.08
"397","Q96JD6","CMA",25,16,0,7,2,0.56
"398","Q96JD6","noCMA",25,2,2,20,1,0.08
"399","P13798","CMA",25,1,0,22,2,-0.04
"400","P13798","noCMA",25,5,0,19,1,0.16
"401","O00116","CMA",25,22,0,1,2,0.8
"402","O00116","noCMA",25,5,0,15,5,0
"403","Q16186","CMA",25,18,0,2,5,0.52
"404","Q16186","noCMA",25,2,0,21,2,0
"405","P0CW23","CMA",25,5,0,0,20,-0.6
"406","P0CW23","noCMA",25,0,0,0,25,-1
"407","Q16352","CMA",25,11,0,12,2,0.36
"408","Q16352","noCMA",25,0,0,7,18,-0.72
"409","Q9NXU5","CMA",25,2,0,21,2,0
"410","Q9NXU5","noCMA",25,0,0,23,2,-0.08
"411","Q6XD76","CMA",25,3,0,20,2,0.04
"412","Q6XD76","noCMA",25,0,0,21,4,-0.16
"413","O96018","CMA",25,12,0,11,2,0.4
"414","O96018","noCMA",25,0,0,21,4,-0.16
"415","P84077","CMA",25,22,0,1,2,0.8
"416","P84077","noCMA",25,22,0,2,1,0.84
"417","Q9NUS5","CMA",25,18,0,1,6,0.48
"418","Q9NUS5","noCMA",25,2,0,6,17,-0.6
"419","Q7Z3H0","CMA",25,17,0,3,5,0.48
"420","Q7Z3H0","noCMA",25,0,0,4,21,-0.84
"421","Q9HBZ2","CMA",25,7,0,0,18,-0.44
"422","Q9HBZ2","noCMA",25,2,0,0,23,-0.84
"423","A6NCL7","CMA",25,14,0,7,4,0.4
"424","A6NCL7","noCMA",25,1,0,12,12,-0.44
"425","P58335","CMA",25,1,0,22,2,-0.04
"426","P58335","noCMA",25,0,0,10,15,-0.6
"427","Q7Z591","CMA",25,4,0,17,4,0
"428","Q7Z591","noCMA",25,0,0,6,19,-0.76
"429","P27216","CMA",25,15,0,8,2,0.52
"430","P27216","noCMA",25,0,1,21,3,-0.1
"431","P04083","CMA",25,3,0,20,2,0.04
"432","P04083","noCMA",25,0,1,21,3,-0.1
"433","Q0VD83","CMA",25,2,0,18,5,-0.12
"434","Q0VD83","noCMA",25,0,0,0,25,-1
"435","Q92482","CMA",25,0,0,23,2,-0.08
"436","Q92482","noCMA",25,1,1,16,7,-0.22
"437","E9PGG2","CMA",25,3,1,9,12,-0.34
"438","E9PGG2","noCMA",25,0,0,1,24,-0.96
"439","P02649","CMA",25,11,0,8,6,0.2
"440","P02649","noCMA",25,1,0,5,19,-0.72
"441","Q9BWW9","CMA",25,3,0,20,2,0.04
"442","Q9BWW9","noCMA",25,0,1,6,18,-0.7
"443","O94778","CMA",25,12,0,11,2,0.4
"444","O94778","noCMA",25,3,1,18,3,0.02
"445","Q9NVP2","CMA",25,23,0,0,2,0.84
"446","Q9NVP2","noCMA",25,13,1,9,2,0.46
"447","Q9UII2","CMA",25,15,0,6,4,0.44
"448","Q9UII2","noCMA",25,4,0,15,6,-0.08
"449","O43521","CMA",25,19,0,2,4,0.6
"450","O43521","noCMA",25,1,0,1,23,-0.88
"451","O75752","CMA",25,17,0,6,2,0.6
"452","O75752","noCMA",25,0,0,21,4,-0.16
"453","Q6ZMB0","CMA",25,11,0,12,2,0.36
"454","Q6ZMB0","noCMA",25,0,0,21,4,-0.16
"455","Q6UX72","CMA",25,9,0,14,2,0.28
"456","Q6UX72","noCMA",25,4,0,17,4,0
"457","Q9NXR7","CMA",25,21,0,1,3,0.72
"458","Q9NXR7","noCMA",25,4,0,11,10,-0.24
"459","A6NEK1","CMA",25,17,0,6,2,0.6
"460","A6NEK1","noCMA",25,0,0,23,2,-0.08
"461","P30049","CMA",25,17,0,2,6,0.44
"462","P30049","noCMA",25,0,0,22,3,-0.12
"463","P27037","CMA",25,0,19,4,2,0.3
"464","P27037","noCMA",25,0,4,18,3,-0.04
"465","P61204","CMA",25,22,0,1,2,0.8
"466","P61204","noCMA",25,22,0,2,1,0.84
"467","P62330","CMA",25,19,0,4,2,0.68
"468","P62330","noCMA",25,21,0,2,2,0.76
"469","P02647","CMA",25,12,0,6,7,0.2
"470","P02647","noCMA",25,0,0,6,19,-0.76
"471","P02749","CMA",25,15,0,8,2,0.52
"472","P02749","noCMA",25,0,0,22,3,-0.12
"473","Q969Q4","CMA",25,0,0,23,2,-0.08
"474","Q969Q4","noCMA",25,0,0,24,1,-0.04
"475","Q9NVJ2","CMA",25,4,0,19,2,0.08
"476","Q9NVJ2","noCMA",25,5,0,15,5,0
"477","Q9C0K3","CMA",25,20,0,3,2,0.72
"478","Q9C0K3","noCMA",25,9,0,14,2,0.28
"479","P0C7U1","CMA",25,19,1,3,2,0.7
"480","P0C7U1","noCMA",25,0,0,18,7,-0.28
"481","Q9NR71","CMA",25,19,1,3,2,0.7
"482","Q9NR71","noCMA",25,0,0,18,7,-0.28
"483","P05496","CMA",25,20,0,3,2,0.72
"484","P05496","noCMA",25,1,5,18,1,0.1
"485","Q92858","CMA",25,5,0,15,5,0
"486","Q92858","noCMA",25,0,0,18,7,-0.28
"487","Q8N100","CMA",25,3,0,17,5,-0.08
"488","Q8N100","noCMA",25,0,0,18,7,-0.28
"489","Q9Y679","CMA",25,14,0,9,2,0.48
"490","Q9Y679","noCMA",25,1,0,22,2,-0.04
"491","P15291","CMA",25,0,17,6,2,0.26
"492","P15291","noCMA",25,2,2,17,4,-0.04
"493","Q9Y5Z0","CMA",25,14,1,8,2,0.5
"494","Q9Y5Z0","noCMA",25,0,0,24,1,-0.04
"495","O76090","CMA",25,5,0,18,2,0.12
"496","O76090","noCMA",25,0,0,20,5,-0.2
"497","Q96K17","CMA",25,23,0,0,2,0.84
"498","Q96K17","noCMA",25,22,0,2,1,0.84
"499","Q7RTS1","CMA",25,12,0,2,11,0.04
"500","Q7RTS1","noCMA",25,0,0,14,11,-0.44
"501","Q58HT5","CMA",25,20,1,2,2,0.74
"502","Q58HT5","noCMA",25,0,2,20,3,-0.08
"503","Q5TBC7","CMA",25,12,0,9,4,0.32
"504","Q5TBC7","noCMA",25,0,0,0,25,-1
"505","Q9C0J1","CMA",25,6,0,17,2,0.16
"506","Q9C0J1","noCMA",25,0,1,20,4,-0.14
"507","Q6UXY1","CMA",25,17,0,3,5,0.48
"508","Q6UXY1","noCMA",25,0,0,5,20,-0.8
"509","Q9HD36","CMA",25,3,0,16,6,-0.12
"510","Q9HD36","noCMA",25,0,0,0,25,-1
"511","Q9H3K6","CMA",25,0,0,23,2,-0.08
"512","Q9H3K6","noCMA",25,0,0,24,1,-0.04
"513","P15538","CMA",25,8,0,15,2,0.24
"514","P15538","noCMA",25,0,0,21,4,-0.16
"515","Q9NPZ5","CMA",25,20,0,3,2,0.72
"516","Q9NPZ5","noCMA",25,6,0,16,3,0.12
"517","P50895","CMA",25,13,0,6,6,0.28
"518","P50895","noCMA",25,0,0,6,19,-0.76
"519","Q8NFU0","CMA",25,8,2,13,2,0.28
"520","Q8NFU0","noCMA",25,1,0,19,5,-0.16
"521","Q5VU69","CMA",25,15,0,3,7,0.32
"522","Q5VU69","noCMA",25,0,0,0,25,-1
"523","O43570","CMA",25,0,0,23,2,-0.08
"524","O43570","noCMA",25,0,0,22,3,-0.12
"525","Q9UBX1","CMA",25,8,0,15,2,0.24
"526","Q9UBX1","noCMA",25,0,0,22,3,-0.12
"527","P56539","CMA",25,15,0,4,6,0.36
"528","P56539","noCMA",25,0,3,5,17,-0.62
"529","Q9GZN4","CMA",25,0,0,23,2,-0.08
"530","Q9GZN4","noCMA",25,0,0,22,3,-0.12
"531","P04003","CMA",25,4,3,16,2,0.14
"532","P04003","noCMA",25,0,0,3,22,-0.88
"533","Q9BV19","CMA",25,2,0,19,4,-0.08
"534","Q9BV19","noCMA",25,0,0,20,5,-0.2
"535","O75808","CMA",25,18,2,3,2,0.68
"536","O75808","noCMA",25,6,1,16,2,0.18
"537","P59827","CMA",25,2,0,21,2,0
"538","P59827","noCMA",25,0,0,12,13,-0.52
"539","Q10589","CMA",25,3,0,13,9,-0.24
"540","Q10589","noCMA",25,0,0,0,25,-1
"541","P62324","CMA",25,2,0,21,2,0
"542","P62324","noCMA",25,0,0,21,4,-0.16
"543","Q99622","CMA",25,19,0,0,6,0.52
"544","Q99622","noCMA",25,6,0,12,7,-0.04
"545","P10092","CMA",25,8,1,10,6,0.1
"546","P10092","noCMA",25,0,0,3,22,-0.88
"547","Q9NP55","CMA",25,4,0,18,3,0.04
"548","Q9NP55","noCMA",25,0,0,0,25,-1
"549","Q9HBT6","CMA",25,1,18,4,2,0.32
"550","Q9HBT6","noCMA",25,0,5,17,3,-0.02
"551","Q8N1L9","CMA",25,17,0,6,2,0.6
"552","Q8N1L9","noCMA",25,1,1,22,1,0.02
"553","Q8TDH9","CMA",25,16,0,2,7,0.36
"554","Q8TDH9","noCMA",25,2,0,10,13,-0.44
"555","P19099","CMA",25,8,0,15,2,0.24
"556","P19099","noCMA",25,0,0,21,4,-0.16
"557","Q96GS4","CMA",25,17,0,2,6,0.44
"558","Q96GS4","noCMA",25,6,0,13,6,0
"559","Q96M34","CMA",25,3,0,18,4,-0.04
"560","Q96M34","noCMA",25,0,0,4,21,-0.84
"561","A1A4F0","CMA",25,0,0,22,3,-0.12
"562","A1A4F0","noCMA",25,0,0,23,2,-0.08
"563","Q8IW40","CMA",25,6,1,13,5,0.06
"564","Q8IW40","noCMA",25,0,0,13,12,-0.48
"565","Q86UF4","CMA",25,3,0,16,6,-0.12
"566","Q86UF4","noCMA",25,0,0,0,25,-1
"567","Q99731","CMA",25,4,1,16,4,0.02
"568","Q99731","noCMA",25,0,1,2,22,-0.86
"569","O60563","CMA",25,21,0,2,2,0.76
"570","O60563","noCMA",25,6,0,18,1,0.2
"571","A8MTB9","CMA",25,4,0,11,10,-0.24
"572","A8MTB9","noCMA",25,0,0,0,25,-1
"573","Q7Z692","CMA",25,12,0,2,11,0.04
"574","Q7Z692","noCMA",25,0,0,0,25,-1
"575","Q8N0T1","CMA",25,8,0,11,6,0.08
"576","Q8N0T1","noCMA",25,0,0,3,22,-0.88
"577","Q8WTX7","CMA",25,16,0,5,4,0.48
"578","Q8WTX7","noCMA",25,1,2,7,15,-0.52
"579","P14091","CMA",25,10,0,13,2,0.32
"580","P14091","noCMA",25,0,1,23,1,-0.02
"581","Q53FE4","CMA",25,17,0,3,5,0.48
"582","Q53FE4","noCMA",25,0,0,0,25,-1
"583","Q5BLP8","CMA",25,12,0,2,11,0.04
"584","Q5BLP8","noCMA",25,5,0,0,20,-0.6
"585","P42772","CMA",25,3,0,20,2,0.04
"586","P42772","noCMA",25,0,0,24,1,-0.04
"587","O75871","CMA",25,4,0,0,21,-0.68
"588","O75871","noCMA",25,0,0,0,25,-1
"589","Q8N5S3","CMA",25,9,0,12,4,0.2
"590","Q8N5S3","noCMA",25,0,0,4,21,-0.84
"591","Q9NZP8","CMA",25,11,1,11,2,0.38
"592","Q9NZP8","noCMA",25,0,0,22,3,-0.12
"593","Q9H246","CMA",25,22,0,1,2,0.8
"594","Q9H246","noCMA",25,4,0,1,20,-0.64
"595","P0C7I6","CMA",25,11,1,5,8,0.14
"596","P0C7I6","noCMA",25,0,0,0,25,-1
"597","Q8TC90","CMA",25,13,0,4,8,0.2
"598","Q8TC90","noCMA",25,0,0,0,25,-1
"599","P07498","CMA",25,4,0,15,6,-0.08
"600","P07498","noCMA",25,0,0,0,25,-1
"601","P42575","CMA",25,13,0,10,2,0.44
"602","P42575","noCMA",25,0,0,22,3,-0.12
"603","Q9HBI5","CMA",25,14,0,9,2,0.48
"604","Q9HBI5","noCMA",25,0,0,2,23,-0.92
"605","A6NF36","CMA",25,15,0,1,9,0.24
"606","A6NF36","noCMA",25,0,0,0,25,-1
"607","O60826","CMA",25,20,0,0,5,0.6
"608","O60826","noCMA",25,4,2,13,6,-0.04
"609","Q9NPF0","CMA",25,3,0,20,2,0.04
"610","Q9NPF0","noCMA",25,0,0,22,3,-0.12
"611","P60033","CMA",25,16,0,7,2,0.56
"612","P60033","noCMA",25,0,0,22,3,-0.12
"613","P49716","CMA",25,1,0,0,24,-0.92
"614","P49716","noCMA",25,0,0,6,19,-0.76
"615","Q7L3V2","CMA",25,2,0,3,20,-0.72
"616","Q7L3V2","noCMA",25,0,0,0,25,-1
"617","Q9BQP9","CMA",25,18,0,2,5,0.52
"618","Q9BQP9","noCMA",25,0,0,0,25,-1
"619","A1A4V9","CMA",25,19,0,3,3,0.64
"620","A1A4V9","noCMA",25,2,1,6,16,-0.54
"621","P20248","CMA",25,0,0,23,2,-0.08
"622","P20248","noCMA",25,0,0,22,3,-0.12
"623","P53634","CMA",25,4,0,19,2,0.08
"624","P53634","noCMA",25,0,0,22,3,-0.12
"625","Q8N6Q3","CMA",25,1,0,19,5,-0.16
"626","Q8N6Q3","noCMA",25,0,0,0,25,-1
"627","P15813","CMA",25,0,0,20,5,-0.2
"628","P15813","noCMA",25,0,0,1,24,-0.96
"629","P60953","CMA",25,22,1,0,2,0.82
"630","P60953","noCMA",25,20,3,1,1,0.82
"631","Q9BUW7","CMA",25,19,0,2,4,0.6
"632","Q9BUW7","noCMA",25,0,1,4,20,-0.78
"633","Q6ZUJ4","CMA",25,8,0,10,7,0.04
"634","Q6ZUJ4","noCMA",25,0,0,1,24,-0.96
"635","H3BNL1","CMA",25,3,0,10,12,-0.36
"636","H3BNL1","noCMA",25,0,0,4,21,-0.84
"637","Q6UXH8","CMA",25,11,0,0,14,-0.12
"638","Q6UXH8","noCMA",25,3,0,2,20,-0.68
"639","Q86SI9","CMA",25,3,0,1,21,-0.72
"640","Q86SI9","noCMA",25,0,0,0,25,-1
"641","Q9Y6K0","CMA",25,1,0,22,2,-0.04
"642","Q9Y6K0","noCMA",25,1,0,23,1,0
"643","O43745","CMA",25,7,2,14,2,0.24
"644","O43745","noCMA",25,0,0,24,1,-0.04
"645","Q6UXZ3","CMA",25,4,2,6,13,-0.32
"646","Q6UXZ3","noCMA",25,0,0,0,25,-1
"647","Q15744","CMA",25,8,0,0,17,-0.36
"648","Q15744","noCMA",25,0,0,2,23,-0.92
"649","Q5SQH8","CMA",25,19,0,2,4,0.6
"650","Q5SQH8","noCMA",25,0,0,17,8,-0.32
"651","P00746","CMA",25,6,0,17,2,0.16
"652","P00746","noCMA",25,0,0,22,3,-0.12
"653","O43916","CMA",25,19,0,0,6,0.52
"654","O43916","noCMA",25,5,0,5,15,-0.4
"655","A6NGY3","CMA",25,4,0,12,9,-0.2
"656","A6NGY3","noCMA",25,0,0,0,25,-1
"657","Q9UFW8","CMA",25,18,0,0,7,0.44
"658","Q9UFW8","noCMA",25,0,0,4,21,-0.84
"659","Q96BP2","CMA",25,16,1,2,6,0.42
"660","Q96BP2","noCMA",25,1,0,15,9,-0.32
"661","Q7LBR1","CMA",25,8,0,13,4,0.16
"662","Q7LBR1","noCMA",25,3,0,19,3,0
"663","Q9BZC1","CMA",25,0,0,23,2,-0.08
"664","Q9BZC1","noCMA",25,0,0,22,3,-0.12
"665","Q8NET6","CMA",25,0,0,23,2,-0.08
"666","Q8NET6","noCMA",25,0,0,21,4,-0.16
"667","Q8N4C0","CMA",25,3,0,0,22,-0.76
"668","Q8N4C0","noCMA",25,0,0,0,25,-1
"669","F2Z3F1","CMA",25,2,0,0,23,-0.84
"670","F2Z3F1","noCMA",25,0,0,0,25,-1
"671","Q9BUK0","CMA",25,3,1,16,5,-0.06
"672","Q9BUK0","noCMA",25,1,0,14,10,-0.36
"673","Q96S66","CMA",25,12,1,10,2,0.42
"674","Q96S66","noCMA",25,0,0,8,17,-0.68
"675","Q9Y2R0","CMA",25,18,0,3,4,0.56
"676","Q9Y2R0","noCMA",25,4,0,6,15,-0.44
"677","O43734","CMA",25,18,0,4,3,0.6
"678","O43734","noCMA",25,1,0,6,18,-0.68
"679","Q96A22","CMA",25,5,0,12,8,-0.12
"680","Q96A22","noCMA",25,0,0,0,25,-1
"681","Q8N7P3","CMA",25,5,0,17,3,0.08
"682","Q8N7P3","noCMA",25,0,0,5,20,-0.8
"683","P56748","CMA",25,19,0,2,4,0.6
"684","P56748","noCMA",25,6,0,0,19,-0.52
"685","Q92600","CMA",25,21,0,2,2,0.76
"686","Q92600","noCMA",25,7,0,16,2,0.2
"687","Q6PRD7","CMA",25,0,0,2,23,-0.92
"688","Q6PRD7","noCMA",25,0,0,0,25,-1
"689","Q9Y6H1","CMA",25,9,0,14,2,0.28
"690","Q9Y6H1","noCMA",25,4,0,15,6,-0.08
"691","Q9H8K7","CMA",25,13,1,7,4,0.38
"692","Q9H8K7","noCMA",25,2,0,4,19,-0.68
"693","Q86VG3","CMA",25,5,0,17,3,0.08
"694","Q86VG3","noCMA",25,0,0,3,22,-0.88
"695","Q8WXI8","CMA",25,3,0,1,21,-0.72
"696","Q8WXI8","noCMA",25,0,0,4,21,-0.84
"697","Q6X4T0","CMA",25,9,0,1,15,-0.24
"698","Q6X4T0","noCMA",25,0,0,0,25,-1
"699","Q9Y5I7","CMA",25,17,0,6,2,0.6
"700","Q9Y5I7","noCMA",25,0,0,2,23,-0.92
"701","A6NM45","CMA",25,5,0,17,3,0.08
"702","A6NM45","noCMA",25,0,0,5,20,-0.8
"703","P01189","CMA",25,1,0,21,3,-0.08
"704","P01189","noCMA",25,0,0,6,19,-0.76
"705","Q9ULY5","CMA",25,6,0,3,16,-0.4
"706","Q9ULY5","noCMA",25,0,0,4,21,-0.84
"707","Q9NY35","CMA",25,15,0,8,2,0.52
"708","Q9NY35","noCMA",25,0,0,7,18,-0.72
"709","Q99788","CMA",25,4,2,17,2,0.12
"710","Q99788","noCMA",25,2,0,6,17,-0.6
"711","Q8IUL8","CMA",25,2,0,21,2,0
"712","Q8IUL8","noCMA",25,0,0,8,17,-0.68
"713","P56277","CMA",25,12,0,3,10,0.08
"714","P56277","noCMA",25,0,0,2,23,-0.92
"715","Q86SX3","CMA",25,5,0,14,6,-0.04
"716","Q86SX3","noCMA",25,0,0,2,23,-0.92
"717","Q96I85","CMA",25,3,0,0,22,-0.76
"718","Q96I85","noCMA",25,0,0,0,25,-1
"719","Q3B7I2","CMA",25,3,10,8,4,0.16
"720","Q3B7I2","noCMA",25,0,0,21,4,-0.16
"721","P04798","CMA",25,5,1,17,2,0.14
"722","P04798","noCMA",25,1,0,19,5,-0.16
"723","Q9H6X5","CMA",25,10,0,11,4,0.24
"724","Q9H6X5","noCMA",25,0,0,5,20,-0.8
"725","Q5T4H9","CMA",25,3,0,1,21,-0.72
"726","Q5T4H9","noCMA",25,0,0,0,25,-1
"727","Q9Y215","CMA",25,0,0,23,2,-0.08
"728","Q9Y215","noCMA",25,0,0,22,3,-0.12
"729","Q8IZS7","CMA",25,1,0,22,2,-0.04
"730","Q8IZS7","noCMA",25,0,0,22,3,-0.12
"731","Q14050","CMA",25,0,0,23,2,-0.08
"732","Q14050","noCMA",25,0,0,22,3,-0.12
"733","P51911","CMA",25,1,13,9,2,0.22
"734","P51911","noCMA",25,0,0,24,1,-0.04
"735","Q9BV29","CMA",25,19,0,1,5,0.56
"736","Q9BV29","noCMA",25,1,0,5,19,-0.72
"737","Q96DZ9","CMA",25,0,0,23,2,-0.08
"738","Q96DZ9","noCMA",25,0,0,18,7,-0.28
"739","P56749","CMA",25,20,0,0,5,0.6
"740","P56749","noCMA",25,6,0,0,19,-0.52
"741","P56750","CMA",25,19,0,2,4,0.6
"742","P56750","noCMA",25,6,0,0,19,-0.52
"743","P56747","CMA",25,19,0,3,3,0.64
"744","P56747","noCMA",25,5,0,2,18,-0.52
"745","O75208","CMA",25,19,1,3,2,0.7
"746","O75208","noCMA",25,3,1,18,3,0.02
"747","Q07092","CMA",25,1,0,22,2,-0.04
"748","Q07092","noCMA",25,0,0,22,3,-0.12
"749","P50416","CMA",25,19,0,4,2,0.68
"750","P50416","noCMA",25,3,1,19,2,0.06
"751","Q99062","CMA",25,4,0,19,2,0.08
"752","Q99062","noCMA",25,0,0,6,19,-0.76
"753","Q9UBW8","CMA",25,20,0,3,2,0.72
"754","Q9UBW8","noCMA",25,0,1,21,3,-0.1
"755","O95196","CMA",25,4,0,17,4,0
"756","O95196","noCMA",25,0,0,4,21,-0.84
"757","P50461","CMA",25,20,0,2,3,0.68
"758","P50461","noCMA",25,0,0,18,7,-0.28
"759","Q9BQT9","CMA",25,18,0,5,2,0.64
"760","Q9BQT9","noCMA",25,2,1,18,4,-0.06
"761","Q9NYP8","CMA",25,9,0,6,10,-0.04
"762","Q9NYP8","noCMA",25,1,0,3,21,-0.8
"763","P42830","CMA",25,11,0,9,5,0.24
"764","P42830","noCMA",25,0,0,0,25,-1
"765","Q9H8M1","CMA",25,17,2,4,2,0.64
"766","Q9H8M1","noCMA",25,9,1,13,2,0.3
"767","Q8WXF5","CMA",25,0,0,19,6,-0.24
"768","Q8WXF5","noCMA",25,0,0,7,18,-0.72
"769","Q9UKL4","CMA",25,20,0,2,3,0.68
"770","Q9UKL4","noCMA",25,0,0,8,17,-0.68
"771","Q14019","CMA",25,10,0,1,14,-0.16
"772","Q14019","noCMA",25,0,0,2,23,-0.92
"773","Q8NEP4","CMA",25,4,0,13,8,-0.16
"774","Q8NEP4","noCMA",25,0,0,0,25,-1
"775","P09919","CMA",25,7,0,14,4,0.12
"776","P09919","noCMA",25,0,0,2,23,-0.92
"777","Q7L5N1","CMA",25,18,0,2,5,0.52
"778","Q7L5N1","noCMA",25,8,0,14,3,0.2
"779","Q53ET0","CMA",25,0,0,23,2,-0.08
"780","Q53ET0","noCMA",25,0,0,18,7,-0.28
"781","Q9Y5B0","CMA",25,20,0,1,4,0.64
"782","Q9Y5B0","noCMA",25,6,1,17,1,0.22
"783","Q96CG8","CMA",25,16,0,6,3,0.52
"784","Q96CG8","noCMA",25,0,0,9,16,-0.64
"785","Q9BU40","CMA",25,22,0,1,2,0.8
"786","Q9BU40","noCMA",25,1,0,7,17,-0.64
"787","Q969M2","CMA",25,14,0,7,4,0.4
"788","Q969M2","noCMA",25,0,2,5,18,-0.68
"789","Q8WUS8","CMA",25,3,17,3,2,0.38
"790","Q8WUS8","noCMA",25,0,1,22,2,-0.06
"791","Q9UER7","CMA",25,19,0,0,6,0.52
"792","Q9UER7","noCMA",25,5,0,15,5,0
"793","O95822","CMA",25,20,0,1,4,0.64
"794","O95822","noCMA",25,9,1,4,11,-0.06
"795","Q9Y6H8","CMA",25,0,0,23,2,-0.08
"796","Q9Y6H8","noCMA",25,0,0,7,18,-0.72
"797","Q9BVC3","CMA",25,7,0,16,2,0.2
"798","Q9BVC3","noCMA",25,0,0,23,2,-0.08
"799","Q6ZNG2","CMA",25,11,0,12,2,0.36
"800","Q6ZNG2","noCMA",25,0,0,22,3,-0.12
"801","O75618","CMA",25,21,0,0,4,0.68
"802","O75618","noCMA",25,7,0,1,17,-0.4
"803","Q96MF6","CMA",25,17,2,4,2,0.64
"804","Q96MF6","noCMA",25,9,1,13,2,0.3
"805","Q9BQM9","CMA",25,9,0,7,9,0
"806","Q9BQM9","noCMA",25,0,0,0,25,-1
"807","P29279","CMA",25,22,0,0,3,0.76
"808","P29279","noCMA",25,5,0,7,13,-0.32
"809","Q15828","CMA",25,12,0,8,5,0.28
"810","Q15828","noCMA",25,0,0,0,25,-1
"811","Q9NRG7","CMA",25,19,0,2,4,0.6
"812","Q9NRG7","noCMA",25,0,3,17,5,-0.14
"813","Q5VW00","CMA",25,21,0,2,2,0.76
"814","Q5VW00","noCMA",25,6,0,14,5,0.04
"815","O94760","CMA",25,21,0,2,2,0.76
"816","O94760","noCMA",25,0,0,19,6,-0.24
"817","Q96B18","CMA",25,12,0,2,11,0.04
"818","Q96B18","noCMA",25,0,0,0,25,-1
"819","Q9NTQ9","CMA",25,2,0,18,5,-0.12
"820","Q9NTQ9","noCMA",25,0,0,6,19,-0.76
"821","P80162","CMA",25,11,0,9,5,0.24
"822","P80162","noCMA",25,0,0,0,25,-1
"823","P61073","CMA",25,14,0,9,2,0.48
"824","P61073","noCMA",25,0,0,22,3,-0.12
"825","P00167","CMA",25,2,0,21,2,0
"826","P00167","noCMA",25,0,0,24,1,-0.04
"827","Q7L5Y6","CMA",25,19,0,4,2,0.68
"828","Q7L5Y6","noCMA",25,0,0,20,5,-0.2
"829","Q8TBM8","CMA",25,1,0,22,2,-0.04
"830","Q8TBM8","noCMA",25,1,0,23,1,0
"831","P42658","CMA",25,0,0,23,2,-0.08
"832","P42658","noCMA",25,0,0,24,1,-0.04
"833","Q9UBX3","CMA",25,0,0,23,2,-0.08
"834","Q9UBX3","noCMA",25,0,0,22,3,-0.12
"835","Q8NFT8","CMA",25,12,0,0,13,-0.04
"836","Q8NFT8","noCMA",25,2,0,4,19,-0.68
"837","Q9UPQ8","CMA",25,18,0,0,7,0.44
"838","Q9UPQ8","noCMA",25,1,1,18,5,-0.14
"839","Q6ZPD8","CMA",25,10,5,8,2,0.42
"840","Q6ZPD8","noCMA",25,0,1,21,3,-0.1
"841","Q14181","CMA",25,22,0,0,3,0.76
"842","Q14181","noCMA",25,0,1,23,1,-0.02
"843","P37059","CMA",25,0,0,23,2,-0.08
"844","P37059","noCMA",25,0,0,20,5,-0.2
"845","Q8N4W6","CMA",25,1,16,6,2,0.28
"846","Q8N4W6","noCMA",25,0,2,22,1,0
"847","O00548","CMA",25,11,0,3,11,0
"848","O00548","noCMA",25,6,5,7,7,0.06
"849","Q7Z5P4","CMA",25,15,2,6,2,0.56
"850","Q7Z5P4","noCMA",25,0,1,22,2,-0.06
"851","Q6P3W2","CMA",25,11,0,12,2,0.36
"852","Q6P3W2","noCMA",25,1,2,21,1,0.04
"853","Q9Y5R5","CMA",25,2,0,21,2,0
"854","Q9Y5R5","noCMA",25,5,0,16,4,0.04
"855","Q5HYR2","CMA",25,10,0,2,13,-0.12
"856","Q5HYR2","noCMA",25,0,0,0,25,-1
"857","Q18PE1","CMA",25,11,2,5,7,0.2
"858","Q18PE1","noCMA",25,1,0,13,11,-0.4
"859","Q9H819","CMA",25,21,0,2,2,0.76
"860","Q9H819","noCMA",25,6,0,18,1,0.2
"861","P35638","CMA",25,21,0,0,4,0.68
"862","P35638","noCMA",25,0,0,2,23,-0.92
"863","O75064","CMA",25,1,0,11,13,-0.48
"864","O75064","noCMA",25,0,0,2,23,-0.92
"865","Q9UGM3","CMA",25,4,0,19,2,0.08
"866","Q9UGM3","noCMA",25,0,0,12,13,-0.52
"867","Q16829","CMA",25,4,17,2,2,0.42
"868","Q16829","noCMA",25,0,4,17,4,-0.08
"869","Q96F86","CMA",25,1,0,22,2,-0.04
"870","Q96F86","noCMA",25,0,0,24,1,-0.04
"871","P20800","CMA",25,8,0,13,4,0.16
"872","P20800","noCMA",25,0,0,4,21,-0.84
"873","Q99944","CMA",25,11,0,5,9,0.08
"874","Q99944","noCMA",25,0,1,3,21,-0.82
"875","Q16690","CMA",25,16,0,7,2,0.56
"876","Q16690","noCMA",25,0,0,24,1,-0.04
"877","P24530","CMA",25,22,0,1,2,0.8
"878","P24530","noCMA",25,5,0,17,3,0.08
"879","P21728","CMA",25,15,0,8,2,0.52
"880","P21728","noCMA",25,0,0,22,3,-0.12
"881","Q13202","CMA",25,16,0,7,2,0.56
"882","Q13202","noCMA",25,5,0,19,1,0.16
"883","Q8NEX9","CMA",25,11,0,12,2,0.36
"884","Q8NEX9","noCMA",25,1,0,19,5,-0.16
"885","P43004","CMA",25,0,0,23,2,-0.08
"886","P43004","noCMA",25,4,0,18,3,0.04
"887","Q9BU89","CMA",25,13,0,5,7,0.24
"888","Q9BU89","noCMA",25,0,2,21,2,-0.04
"889","P30046","CMA",25,9,0,12,4,0.2
"890","P30046","noCMA",25,2,1,13,9,-0.26
"891","Q9H4B8","CMA",25,5,0,18,2,0.12
"892","Q9H4B8","noCMA",25,2,1,17,5,-0.1
"893","Q9BZG8","CMA",25,16,0,7,2,0.56
"894","Q9BZG8","noCMA",25,0,0,24,1,-0.04
"895","Q6P1R4","CMA",25,10,0,13,2,0.32
"896","Q6P1R4","noCMA",25,1,0,22,2,-0.04
"897","P54760","CMA",25,23,0,0,2,0.84
"898","P54760","noCMA",25,8,0,13,4,0.16
"899","P19235","CMA",25,15,0,3,7,0.32
"900","P19235","noCMA",25,0,0,6,19,-0.76
"901","P07992","CMA",25,2,0,20,3,-0.04
"902","P07992","noCMA",25,3,0,20,2,0.04
"903","O95571","CMA",25,15,1,3,6,0.38
"904","O95571","noCMA",25,3,3,16,3,0.06
"905","Q01844","CMA",25,11,1,11,2,0.38
"906","Q01844","noCMA",25,0,0,21,4,-0.16
"907","P20827","CMA",25,18,0,5,2,0.64
"908","P20827","noCMA",25,0,0,19,6,-0.24
"909","Q4G0M1","CMA",25,7,0,1,17,-0.4
"910","Q4G0M1","noCMA",25,0,1,2,22,-0.86
"911","O95925","CMA",25,1,0,22,2,-0.04
"912","O95925","noCMA",25,0,0,22,3,-0.12
"913","O43414","CMA",25,0,0,23,2,-0.08
"914","O43414","noCMA",25,0,0,20,5,-0.2
"915","A6NGS2","CMA",25,5,0,10,10,-0.2
"916","A6NGS2","noCMA",25,0,0,0,25,-1
"917","Q8N693","CMA",25,0,0,23,2,-0.08
"918","Q8N693","noCMA",25,0,0,24,1,-0.04
"919","Q6P0A1","CMA",25,10,0,6,9,0.04
"920","Q6P0A1","noCMA",25,0,0,0,25,-1
"921","Q17R55","CMA",25,3,0,16,6,-0.12
"922","Q17R55","noCMA",25,0,0,2,23,-0.92
"923","Q6ZW35","CMA",25,1,0,0,24,-0.92
"924","Q6ZW35","noCMA",25,0,0,0,25,-1
"925","O15372","CMA",25,23,0,0,2,0.84
"926","O15372","noCMA",25,5,0,16,4,0.04
"927","Q86X53","CMA",25,6,5,11,3,0.22
"928","Q86X53","noCMA",25,0,0,1,24,-0.96
"929","Q6UWV7","CMA",25,7,0,10,8,-0.04
"930","Q6UWV7","noCMA",25,0,0,6,19,-0.76
"931","Q0PNE2","CMA",25,16,0,6,3,0.52
"932","Q0PNE2","noCMA",25,0,0,13,12,-0.48
"933","Q06889","CMA",25,19,0,4,2,0.68
"934","Q06889","noCMA",25,5,0,19,1,0.16
"935","P08246","CMA",25,0,1,22,2,-0.06
"936","P08246","noCMA",25,0,0,22,3,-0.12
"937","A6NNW6","CMA",25,0,4,19,2,0
"938","A6NNW6","noCMA",25,0,2,22,1,0
"939","Q6UWR7","CMA",25,14,0,9,2,0.48
"940","Q6UWR7","noCMA",25,0,0,22,3,-0.12
"941","Q8TE67","CMA",25,4,0,2,19,-0.6
"942","Q8TE67","noCMA",25,0,0,2,23,-0.92
"943","P10768","CMA",25,20,0,2,3,0.68
"944","P10768","noCMA",25,6,4,12,3,0.2
"945","Q9UHL3","CMA",25,1,0,3,21,-0.8
"946","Q9UHL3","noCMA",25,0,0,0,25,-1
"947","P0CG42","CMA",25,2,0,0,23,-0.84
"948","P0CG42","noCMA",25,0,0,0,25,-1
"949","Q5T6X4","CMA",25,15,2,1,7,0.36
"950","Q5T6X4","noCMA",25,0,0,0,25,-1
"951","P19447","CMA",25,18,0,4,3,0.6
"952","P19447","noCMA",25,7,0,17,1,0.24
"953","Q6NT32","CMA",25,12,1,10,2,0.42
"954","Q6NT32","noCMA",25,1,0,21,3,-0.08
"955","P0CG43","CMA",25,2,0,0,23,-0.84
"956","P0CG43","noCMA",25,0,0,0,25,-1
"957","Q6PEV8","CMA",25,21,0,1,3,0.72
"958","Q6PEV8","noCMA",25,6,0,3,16,-0.4
"959","Q9BRX8","CMA",25,9,0,13,3,0.24
"960","Q9BRX8","noCMA",25,1,0,14,10,-0.36
"961","P34910","CMA",25,10,0,11,4,0.24
"962","P34910","noCMA",25,0,0,0,25,-1
"963","Q6ZT52","CMA",25,0,1,22,2,-0.06
"964","Q6ZT52","noCMA",25,0,0,17,8,-0.32
"965","Q5XUX0","CMA",25,6,0,15,4,0.08
"966","Q5XUX0","noCMA",25,0,0,11,14,-0.56
"967","Q15485","CMA",25,4,0,19,2,0.08
"968","Q15485","noCMA",25,3,1,17,4,-0.02
"969","Q2M3D2","CMA",25,10,0,13,2,0.32
"970","Q2M3D2","noCMA",25,0,0,24,1,-0.04
"971","Q99502","CMA",25,0,0,23,2,-0.08
"972","Q99502","noCMA",25,4,0,16,5,-0.04
"973","Q6P1L5","CMA",25,18,0,5,2,0.64
"974","Q6P1L5","noCMA",25,3,0,14,8,-0.2
"975","Q6UXB0","CMA",25,20,0,2,3,0.68
"976","Q6UXB0","noCMA",25,3,0,1,21,-0.72
"977","Q96C01","CMA",25,19,0,3,3,0.64
"978","Q96C01","noCMA",25,7,0,14,4,0.12
"979","P0C7A2","CMA",25,2,0,2,21,-0.76
"980","P0C7A2","noCMA",25,0,0,0,25,-1
"981","C9JC47","CMA",25,2,0,0,23,-0.84
"982","C9JC47","noCMA",25,0,0,0,25,-1
"983","Q0P6D2","CMA",25,9,0,11,5,0.16
"984","Q0P6D2","noCMA",25,1,0,15,9,-0.32
"985","Q9H4H8","CMA",25,21,0,1,3,0.72
"986","Q9H4H8","noCMA",25,4,0,3,18,-0.56
"987","Q8TC84","CMA",25,0,0,23,2,-0.08
"988","Q8TC84","noCMA",25,0,0,24,1,-0.04
"989","O75426","CMA",25,15,0,2,8,0.28
"990","O75426","noCMA",25,2,1,0,22,-0.78
"991","Q9UKC9","CMA",25,23,0,0,2,0.84
"992","Q9UKC9","noCMA",25,13,0,9,3,0.4
"993","O75072","CMA",25,20,0,3,2,0.72
"994","O75072","noCMA",25,0,1,9,15,-0.58
"995","Q14153","CMA",25,11,0,9,5,0.24
"996","Q14153","noCMA",25,0,0,5,20,-0.8
"997","Q9BQL6","CMA",25,16,3,4,2,0.62
"998","Q9BQL6","noCMA",25,0,5,17,3,-0.02
"999","Q6BAA4","CMA",25,4,0,15,6,-0.08
"1000","Q6BAA4","noCMA",25,0,0,1,24,-0.96
"1001","P31371","CMA",25,22,0,1,2,0.8
"1002","P31371","noCMA",25,5,1,12,7,-0.06
"1003","Q9BYJ0","CMA",25,3,0,5,17,-0.56
"1004","Q9BYJ0","noCMA",25,0,0,4,21,-0.84
"1005","Q6ZUT3","CMA",25,19,0,4,2,0.68
"1006","Q6ZUT3","noCMA",25,6,0,15,4,0.08
"1007","Q86VR8","CMA",25,10,0,3,12,-0.08
"1008","Q86VR8","noCMA",25,0,0,15,10,-0.4
"1009","Q92949","CMA",25,18,0,5,2,0.64
"1010","Q92949","noCMA",25,3,0,21,1,0.08
"1011","Q99581","CMA",25,0,0,23,2,-0.08
"1012","Q99581","noCMA",25,11,0,11,3,0.32
"1013","P62942","CMA",25,16,0,7,2,0.56
"1014","P62942","noCMA",25,4,0,20,1,0.12
"1015","P68106","CMA",25,16,0,7,2,0.56
"1016","P68106","noCMA",25,2,0,22,1,0.04
"1017","Q9NP95","CMA",25,22,0,1,2,0.8
"1018","Q9NP95","noCMA",25,5,1,12,7,-0.06
"1019","P14324","CMA",25,0,0,19,6,-0.24
"1020","P14324","noCMA",25,0,1,22,2,-0.06
"1021","P21462","CMA",25,4,1,18,2,0.1
"1022","P21462","noCMA",25,0,0,8,17,-0.68
"1023","P02794","CMA",25,12,4,7,2,0.48
"1024","P02794","noCMA",25,8,0,12,5,0.12
"1025","Q96IG2","CMA",25,23,0,0,2,0.84
"1026","Q96IG2","noCMA",25,13,0,9,3,0.4
"1027","P06241","CMA",25,20,1,2,2,0.74
"1028","P06241","noCMA",25,8,0,14,3,0.2
"1029","Q14318","CMA",25,0,1,22,2,-0.06
"1030","Q14318","noCMA",25,3,0,19,3,0
"1031","Q05932","CMA",25,18,0,4,3,0.6
"1032","Q05932","noCMA",25,6,0,17,2,0.16
"1033","Q6ZQN5","CMA",25,13,0,10,2,0.44
"1034","Q6ZQN5","noCMA",25,1,0,23,1,0
"1035","P15407","CMA",25,20,0,3,2,0.72
"1036","P15407","noCMA",25,1,1,22,1,0.02
"1037","Q9BWH2","CMA",25,6,14,3,2,0.44
"1038","Q9BWH2","noCMA",25,0,7,10,8,-0.18
"1039","Q8NEA4","CMA",25,2,0,7,16,-0.56
"1040","Q8NEA4","noCMA",25,0,0,11,14,-0.56
"1041","Q15007","CMA",25,22,0,1,2,0.8
"1042","Q15007","noCMA",25,9,1,10,5,0.18
"1043","P25089","CMA",25,5,3,14,3,0.14
"1044","P25089","noCMA",25,0,0,6,19,-0.76
"1045","P19526","CMA",25,11,0,10,4,0.28
"1046","P19526","noCMA",25,0,0,6,19,-0.76
"1047","P27469","CMA",25,6,0,9,10,-0.16
"1048","P27469","noCMA",25,0,0,4,21,-0.84
"1049","P55040","CMA",25,21,0,2,2,0.76
"1050","P55040","noCMA",25,3,2,19,1,0.12
"1051","Q14376","CMA",25,20,0,1,4,0.64
"1052","Q14376","noCMA",25,0,0,22,3,-0.12
"1053","P51570","CMA",25,15,1,7,2,0.54
"1054","P51570","noCMA",25,0,1,23,1,-0.02
"1055","Q96RP7","CMA",25,3,0,19,3,0
"1056","Q96RP7","noCMA",25,0,0,11,14,-0.56
"1057","Q14353","CMA",25,0,0,15,10,-0.4
"1058","Q14353","noCMA",25,0,0,3,22,-0.88
"1059","Q9UK08","CMA",25,18,0,5,2,0.64
"1060","Q9UK08","noCMA",25,5,0,15,5,0
"1061","Q8N6F7","CMA",25,3,0,14,8,-0.2
"1062","Q8N6F7","noCMA",25,0,0,0,25,-1
"1063","Q2WGN9","CMA",25,1,0,22,2,-0.04
"1064","Q2WGN9","noCMA",25,0,0,19,6,-0.24
"1065","Q14410","CMA",25,15,2,6,2,0.56
"1066","Q14410","noCMA",25,3,0,20,2,0.04
"1067","Q9NQ84","CMA",25,22,0,0,3,0.76
"1068","Q9NQ84","noCMA",25,3,0,4,18,-0.6
"1069","Q92947","CMA",25,20,1,0,4,0.66
"1070","Q92947","noCMA",25,7,0,14,4,0.12
"1071","Q9NWU2","CMA",25,21,0,1,3,0.72
"1072","Q9NWU2","noCMA",25,3,0,21,1,0.08
"1073","Q9H9Y4","CMA",25,20,0,2,3,0.68
"1074","Q9H9Y4","noCMA",25,0,0,24,1,-0.04
"1075","Q14956","CMA",25,9,9,4,3,0.42
"1076","Q14956","noCMA",25,0,0,7,18,-0.72
"1077","Q14749","CMA",25,14,0,7,4,0.4
"1078","Q14749","noCMA",25,2,5,10,8,-0.14
"1079","Q9H772","CMA",25,0,0,22,3,-0.12
"1080","Q9H772","noCMA",25,0,0,15,10,-0.4
"1081","Q9NZC3","CMA",25,1,0,22,2,-0.04
"1082","Q9NZC3","noCMA",25,1,0,22,2,-0.04
"1083","O95872","CMA",25,19,0,0,6,0.52
"1084","O95872","noCMA",25,3,1,11,10,-0.26
"1085","Q8N158","CMA",25,18,0,5,2,0.64
"1086","Q8N158","noCMA",25,1,0,21,3,-0.08
"1087","P0CG29","CMA",25,5,0,18,2,0.12
"1088","P0CG29","noCMA",25,0,1,23,1,-0.02
"1089","P13807","CMA",25,23,0,0,2,0.84
"1090","P13807","noCMA",25,6,0,16,3,0.12
"1091","Q96D42","CMA",25,3,2,14,6,-0.08
"1092","Q96D42","noCMA",25,0,0,2,23,-0.92
"1093","P21695","CMA",25,2,0,20,3,-0.04
"1094","P21695","noCMA",25,2,0,21,2,0
"1095","Q9H3H5","CMA",25,7,0,16,2,0.2
"1096","Q9H3H5","noCMA",25,0,0,23,2,-0.08
"1097","P0CG30","CMA",25,5,0,18,2,0.12
"1098","P0CG30","noCMA",25,0,1,23,1,-0.02
"1099","P61296","CMA",25,19,0,4,2,0.68
"1100","P61296","noCMA",25,4,0,17,4,0
"1101","P09105","CMA",25,5,5,13,2,0.22
"1102","P09105","noCMA",25,2,0,20,3,-0.04
"1103","Q8IYS0","CMA",25,20,0,3,2,0.72
"1104","Q8IYS0","noCMA",25,10,0,12,3,0.28
"1105","P30711","CMA",25,13,0,10,2,0.44
"1106","P30711","noCMA",25,3,0,21,1,0.08
"1107","O14756","CMA",25,9,2,12,2,0.32
"1108","O14756","noCMA",25,0,1,19,5,-0.18
"1109","Q6Y1H2","CMA",25,2,0,21,2,0
"1110","Q6Y1H2","noCMA",25,0,0,24,1,-0.04
"1111","P68871","CMA",25,17,0,6,2,0.6
"1112","P68871","noCMA",25,0,3,19,3,-0.06
"1113","P51674","CMA",25,22,0,1,2,0.8
"1114","P51674","noCMA",25,9,0,11,5,0.16
"1115","Q9NW75","CMA",25,11,0,0,14,-0.12
"1116","Q9NW75","noCMA",25,2,0,6,17,-0.6
"1117","P22352","CMA",25,20,0,3,2,0.72
"1118","P22352","noCMA",25,1,0,23,1,0
"1119","A8MUP6","CMA",25,8,0,14,3,0.2
"1120","A8MUP6","noCMA",25,0,0,6,19,-0.76
"1121","A4D1E9","CMA",25,16,1,6,2,0.58
"1122","A4D1E9","noCMA",25,1,6,17,1,0.12
"1123","P11166","CMA",25,5,3,15,2,0.18
"1124","P11166","noCMA",25,3,1,19,2,0.06
"1125","Q86UQ5","CMA",25,2,0,0,23,-0.84
"1126","Q86UQ5","noCMA",25,0,0,0,25,-1
"1127","Q96NT3","CMA",25,3,0,17,5,-0.08
"1128","Q96NT3","noCMA",25,0,0,16,9,-0.36
"1129","P69891","CMA",25,20,0,3,2,0.72
"1130","P69891","noCMA",25,0,2,20,3,-0.08
"1131","P69892","CMA",25,20,0,3,2,0.72
"1132","P69892","noCMA",25,0,2,20,3,-0.08
"1133","Q8N428","CMA",25,19,0,4,2,0.68
"1134","Q8N428","noCMA",25,5,0,17,3,0.08
"1135","Q86V85","CMA",25,21,0,2,2,0.76
"1136","Q86V85","noCMA",25,6,0,14,5,0.04
"1137","Q99527","CMA",25,18,0,1,6,0.48
"1138","Q99527","noCMA",25,2,0,5,18,-0.64
"1139","Q6UXU4","CMA",25,0,0,22,3,-0.12
"1140","Q6UXU4","noCMA",25,0,0,6,19,-0.76
"1141","Q9UMX6","CMA",25,1,0,22,2,-0.04
"1142","Q9UMX6","noCMA",25,0,0,24,1,-0.04
"1143","P51810","CMA",25,10,0,10,5,0.2
"1144","P51810","noCMA",25,1,0,16,8,-0.28
"1145","P20718","CMA",25,8,3,12,2,0.3
"1146","P20718","noCMA",25,0,2,20,3,-0.08
"1147","P35914","CMA",25,1,0,22,2,-0.04
"1148","P35914","noCMA",25,2,0,19,4,-0.08
"1149","Q86UW8","CMA",25,13,0,4,8,0.2
"1150","Q86UW8","noCMA",25,4,0,2,19,-0.6
"1151","P04233","CMA",25,11,0,2,12,-0.04
"1152","P04233","noCMA",25,0,0,0,25,-1
"1153","Q9HCP6","CMA",25,2,0,21,2,0
"1154","Q9HCP6","noCMA",25,3,0,18,4,-0.04
"1155","Q30201","CMA",25,13,0,7,5,0.32
"1156","Q30201","noCMA",25,0,0,0,25,-1
"1157","Q99714","CMA",25,2,0,21,2,0
"1158","Q99714","noCMA",25,0,2,20,3,-0.08
"1159","Q969S8","CMA",25,9,0,14,2,0.28
"1160","Q969S8","noCMA",25,1,0,23,1,0
"1161","Q02575","CMA",25,3,0,20,2,0.04
"1162","Q02575","noCMA",25,2,0,19,4,-0.08
"1163","Q8TB92","CMA",25,10,0,13,2,0.32
"1164","Q8TB92","noCMA",25,0,0,21,4,-0.16
"1165","Q8TDQ0","CMA",25,7,0,10,8,-0.04
"1166","Q8TDQ0","noCMA",25,0,0,0,25,-1
"1167","P02042","CMA",25,19,0,4,2,0.68
"1168","P02042","noCMA",25,0,3,19,3,-0.06
"1169","Q96KN8","CMA",25,12,1,8,4,0.34
"1170","Q96KN8","noCMA",25,0,0,1,24,-0.96
"1171","P05114","CMA",25,14,1,8,2,0.5
"1172","P05114","noCMA",25,0,0,0,25,-1
"1173","Q96S86","CMA",25,5,0,15,5,0
"1174","Q96S86","noCMA",25,0,1,5,19,-0.74
"1175","Q9Y278","CMA",25,2,0,21,2,0
"1176","Q9Y278","noCMA",25,3,0,18,4,-0.04
"1177","O14558","CMA",25,21,0,2,2,0.76
"1178","O14558","noCMA",25,8,0,13,4,0.16
"1179","Q9BTY7","CMA",25,19,0,2,4,0.6
"1180","Q9BTY7","noCMA",25,4,0,19,2,0.08
"1181","Q96QV1","CMA",25,18,0,5,2,0.64
"1182","Q96QV1","noCMA",25,1,0,5,19,-0.72
"1183","Q8IX15","CMA",25,6,0,15,4,0.08
"1184","Q8IX15","noCMA",25,0,0,5,20,-0.8
"1185","Q9HDD0","CMA",25,20,0,2,3,0.68
"1186","Q9HDD0","noCMA",25,6,0,1,18,-0.48
"1187","O75409","CMA",25,3,2,4,16,-0.48
"1188","O75409","noCMA",25,0,0,0,25,-1
"1189","P04792","CMA",25,18,0,5,2,0.64
"1190","P04792","noCMA",25,7,0,14,4,0.12
"1191","P17482","CMA",25,3,0,20,2,0.04
"1192","P17482","noCMA",25,0,0,20,5,-0.2
"1193","Q02535","CMA",25,19,0,2,4,0.6
"1194","Q02535","noCMA",25,0,0,6,19,-0.76
"1195","P83105","CMA",25,10,1,12,2,0.34
"1196","P83105","noCMA",25,4,0,16,5,-0.04
"1197","P01562","CMA",25,3,0,1,21,-0.72
"1198","P01562","noCMA",25,0,0,0,25,-1
"1199","P04196","CMA",25,10,3,7,5,0.26
"1200","P04196","noCMA",25,0,0,0,25,-1
"1201","Q9BQS6","CMA",25,2,0,21,2,0
"1202","Q9BQS6","noCMA",25,0,0,21,4,-0.16
"1203","Q16082","CMA",25,18,0,5,2,0.64
"1204","Q16082","noCMA",25,0,0,21,4,-0.16
"1205","P41134","CMA",25,10,0,11,4,0.24
"1206","P41134","noCMA",25,0,0,6,19,-0.76
"1207","Q9BXS1","CMA",25,0,0,22,3,-0.12
"1208","Q9BXS1","noCMA",25,0,0,22,3,-0.12
"1209","P56537","CMA",25,21,0,0,4,0.68
"1210","P56537","noCMA",25,16,0,8,1,0.6
"1211","Q8IU54","CMA",25,4,0,18,3,0.04
"1212","Q8IU54","noCMA",25,0,0,1,24,-0.96
"1213","P20809","CMA",25,12,0,3,10,0.08
"1214","P20809","noCMA",25,0,0,2,23,-0.92
"1215","P31785","CMA",25,5,0,17,3,0.08
"1216","P31785","noCMA",25,0,0,6,19,-0.76
"1217","Q1MX18","CMA",25,20,0,3,2,0.72
"1218","Q1MX18","noCMA",25,6,0,10,9,-0.12
"1219","Q9NVM9","CMA",25,19,0,4,2,0.68
"1220","Q9NVM9","noCMA",25,5,0,17,3,0.08
"1221","Q15181","CMA",25,20,1,2,2,0.74
"1222","Q15181","noCMA",25,17,0,7,1,0.64
"1223","Q9H5V7","CMA",25,1,0,22,2,-0.04
"1224","Q9H5V7","noCMA",25,3,0,21,1,0.08
"1225","P26951","CMA",25,1,0,8,16,-0.6
"1226","P26951","noCMA",25,0,0,0,25,-1
"1227","P29459","CMA",25,13,1,8,3,0.42
"1228","P29459","noCMA",25,0,0,0,25,-1
"1229","Q96PD4","CMA",25,8,0,14,3,0.2
"1230","Q96PD4","noCMA",25,0,2,3,20,-0.76
"1231","Q9GZX6","CMA",25,10,0,12,3,0.28
"1232","Q9GZX6","noCMA",25,0,0,2,23,-0.92
"1233","P05019","CMA",25,4,0,19,2,0.08
"1234","P05019","noCMA",25,0,0,6,19,-0.76
"1235","Q9UNL4","CMA",25,17,0,6,2,0.6
"1236","Q9UNL4","noCMA",25,4,0,20,1,0.12
"1237","Q9H3U5","CMA",25,15,0,6,4,0.44
"1238","Q9H3U5","noCMA",25,0,0,21,4,-0.16
"1239","Q99685","CMA",25,17,0,6,2,0.6
"1240","Q99685","noCMA",25,1,0,14,10,-0.36
"1241","Q8IYA7","CMA",25,0,0,23,2,-0.08
"1242","Q8IYA7","noCMA",25,0,0,23,2,-0.08
"1243","Q9H239","CMA",25,1,0,22,2,-0.04
"1244","Q9H239","noCMA",25,1,0,21,3,-0.08
"1245","Q8N108","CMA",25,0,0,23,2,-0.08
"1246","Q8N108","noCMA",25,0,0,20,5,-0.2
"1247","P53778","CMA",25,8,0,15,2,0.24
"1248","P53778","noCMA",25,6,2,16,1,0.24
"1249","O95907","CMA",25,0,0,23,2,-0.08
"1250","O95907","noCMA",25,0,0,23,2,-0.08
"1251","Q70IA8","CMA",25,23,0,0,2,0.84
"1252","Q70IA8","noCMA",25,7,0,13,5,0.08
"1253","Q7RTX9","CMA",25,8,0,15,2,0.24
"1254","Q7RTX9","noCMA",25,0,0,23,2,-0.08
"1255","O15442","CMA",25,23,0,0,2,0.84
"1256","O15442","noCMA",25,6,0,12,7,-0.04
"1257","O75425","CMA",25,18,0,5,2,0.64
"1258","O75425","noCMA",25,1,2,21,1,0.04
"1259","Q4VC12","CMA",25,12,0,11,2,0.4
"1260","Q4VC12","noCMA",25,0,0,8,17,-0.68
"1261","Q8NBR6","CMA",25,19,0,4,2,0.68
"1262","Q8NBR6","noCMA",25,10,0,6,9,0.04
"1263","Q8WV92","CMA",25,20,0,1,4,0.64
"1264","Q8WV92","noCMA",25,1,2,17,5,-0.12
"1265","O60487","CMA",25,13,0,10,2,0.44
"1266","O60487","noCMA",25,0,0,6,19,-0.76
"1267","O60291","CMA",25,18,0,5,2,0.64
"1268","O60291","noCMA",25,6,0,15,4,0.08
"1269","O60669","CMA",25,4,0,1,20,-0.64
"1270","O60669","noCMA",25,2,0,3,20,-0.72
"1271","Q9Y530","CMA",25,18,0,2,5,0.52
"1272","Q9Y530","noCMA",25,2,1,8,14,-0.46
"1273","Q6PK18","CMA",25,14,0,8,3,0.44
"1274","Q6PK18","noCMA",25,0,0,15,10,-0.4
"1275","Q13607","CMA",25,15,0,4,6,0.36
"1276","Q13607","noCMA",25,0,0,0,25,-1
"1277","Q8N162","CMA",25,8,0,10,7,0.04
"1278","Q8N162","noCMA",25,0,0,0,25,-1
"1279","Q8NGQ6","CMA",25,3,0,14,8,-0.2
"1280","Q8NGQ6","noCMA",25,0,0,0,25,-1
"1281","Q9Y5Y2","CMA",25,5,0,18,2,0.12
"1282","Q9Y5Y2","noCMA",25,1,3,10,11,-0.34
"1283","A8MXV4","CMA",25,1,0,15,9,-0.32
"1284","A8MXV4","noCMA",25,1,0,10,14,-0.52
"1285","Q9H607","CMA",25,14,6,3,2,0.6
"1286","Q9H607","noCMA",25,0,5,17,3,-0.02
"1287","O43869","CMA",25,16,0,5,4,0.48
"1288","O43869","noCMA",25,0,0,0,25,-1
"1289","Q8NH18","CMA",25,9,0,13,3,0.24
"1290","Q8NH18","noCMA",25,0,0,1,24,-0.96
"1291","Q8WZ82","CMA",25,13,0,4,8,0.2
"1292","Q8WZ82","noCMA",25,0,0,20,5,-0.2
"1293","P47900","CMA",25,21,0,0,4,0.68
"1294","P47900","noCMA",25,1,4,4,16,-0.52
"1295","Q8NGC4","CMA",25,3,0,18,4,-0.04
"1296","Q8NGC4","noCMA",25,0,0,0,25,-1
"1297","Q9UMX2","CMA",25,17,1,5,2,0.62
"1298","Q9UMX2","noCMA",25,0,0,21,4,-0.16
"1299","P41146","CMA",25,2,0,21,2,0
"1300","P41146","noCMA",25,0,0,22,3,-0.12
"1301","Q8NGD2","CMA",25,5,0,11,9,-0.16
"1302","Q8NGD2","noCMA",25,0,0,0,25,-1
"1303","Q8NGP6","CMA",25,7,0,6,12,-0.2
"1304","Q8NGP6","noCMA",25,0,0,0,25,-1
"1305","Q96RB7","CMA",25,11,4,2,8,0.2
"1306","Q96RB7","noCMA",25,0,0,0,25,-1
"1307","Q8NGG4","CMA",25,8,0,10,7,0.04
"1308","Q8NGG4","noCMA",25,0,0,0,25,-1
"1309","Q6ZVK8","CMA",25,15,2,0,8,0.32
"1310","Q6ZVK8","noCMA",25,2,1,2,20,-0.7
"1311","Q8NGE5","CMA",25,6,0,17,2,0.16
"1312","Q8NGE5","noCMA",25,0,0,3,22,-0.88
"1313","A6ND48","CMA",25,0,0,10,15,-0.6
"1314","A6ND48","noCMA",25,0,0,0,25,-1
"1315","Q8NGZ0","CMA",25,9,0,3,13,-0.16
"1316","Q8NGZ0","noCMA",25,0,0,0,25,-1
"1317","P47874","CMA",25,1,0,1,23,-0.88
"1318","P47874","noCMA",25,1,0,4,20,-0.76
"1319","O15547","CMA",25,13,0,10,2,0.44
"1320","O15547","noCMA",25,0,0,13,12,-0.48
"1321","Q5TZ20","CMA",25,6,0,15,4,0.08
"1322","Q5TZ20","noCMA",25,0,0,0,25,-1
"1323","A3KFT3","CMA",25,3,0,16,6,-0.12
"1324","A3KFT3","noCMA",25,0,0,0,25,-1
"1325","O95222","CMA",25,18,0,4,3,0.6
"1326","O95222","noCMA",25,0,0,1,24,-0.96
"1327","A6NF89","CMA",25,10,0,11,4,0.24
"1328","A6NF89","noCMA",25,0,0,1,24,-0.96
"1329","Q8NGU2","CMA",25,13,0,3,9,0.16
"1330","Q8NGU2","noCMA",25,0,0,0,25,-1
"1331","P09466","CMA",25,3,0,9,13,-0.4
"1332","P09466","noCMA",25,0,0,0,25,-1
"1333","Q96R67","CMA",25,0,0,17,8,-0.32
"1334","Q96R67","noCMA",25,0,0,0,25,-1
"1335","Q8NGM1","CMA",25,1,0,12,12,-0.44
"1336","Q8NGM1","noCMA",25,0,0,0,25,-1
"1337","Q8NGM8","CMA",25,2,0,6,17,-0.6
"1338","Q8NGM8","noCMA",25,0,0,0,25,-1
"1339","Q8N146","CMA",25,9,0,9,7,0.08
"1340","Q8N146","noCMA",25,0,0,0,25,-1
"1341","Q8TCG2","CMA",25,21,0,2,2,0.76
"1342","Q8TCG2","noCMA",25,17,0,7,1,0.64
"1343","Q8NCC3","CMA",25,20,0,3,2,0.72
"1344","Q8NCC3","noCMA",25,1,4,19,1,0.08
"1345","Q9H074","CMA",25,18,0,3,4,0.56
"1346","Q9H074","noCMA",25,4,0,10,11,-0.28
"1347","Q5BKU9","CMA",25,4,0,12,9,-0.2
"1348","Q5BKU9","noCMA",25,0,1,3,21,-0.82
"1349","O43613","CMA",25,19,0,4,2,0.68
"1350","O43613","noCMA",25,1,0,21,3,-0.08
"1351","Q15070","CMA",25,0,0,23,2,-0.08
"1352","Q15070","noCMA",25,0,0,24,1,-0.04
"1353","Q96RD7","CMA",25,17,0,6,2,0.6
"1354","Q96RD7","noCMA",25,2,0,4,19,-0.68
"1355","P40424","CMA",25,22,0,1,2,0.8
"1356","P40424","noCMA",25,17,0,3,5,0.48
"1357","Q96A54","CMA",25,22,0,1,2,0.8
"1358","Q96A54","noCMA",25,7,0,17,1,0.24
"1359","Q9BYG5","CMA",25,0,0,23,2,-0.08
"1360","Q9BYG5","noCMA",25,0,0,20,5,-0.2
"1361","P51003","CMA",25,22,0,1,2,0.8
"1362","P51003","noCMA",25,2,0,22,1,0.04
"1363","Q9Y236","CMA",25,5,0,18,2,0.12
"1364","Q9Y236","noCMA",25,0,0,18,7,-0.28
"1365","Q9H4B0","CMA",25,13,0,9,3,0.4
"1366","Q9H4B0","noCMA",25,0,1,23,1,-0.02
"1367","P18509","CMA",25,17,0,4,4,0.52
"1368","P18509","noCMA",25,0,0,6,19,-0.76
"1369","P05120","CMA",25,0,16,7,2,0.24
"1370","P05120","noCMA",25,0,7,14,4,-0.02
"1371","Q9NRJ5","CMA",25,22,0,1,2,0.8
"1372","Q9NRJ5","noCMA",25,0,0,24,1,-0.04
"1373","Q8TEZ7","CMA",25,18,0,5,2,0.64
"1374","Q8TEZ7","noCMA",25,0,0,24,1,-0.04
"1375","P40426","CMA",25,22,0,1,2,0.8
"1376","P40426","noCMA",25,18,0,2,5,0.52
"1377","P49023","CMA",25,2,0,21,2,0
"1378","P49023","noCMA",25,2,0,22,1,0.04
"1379","P40425","CMA",25,21,0,2,2,0.76
"1380","P40425","noCMA",25,17,0,3,5,0.48
"1381","Q9UHV9","CMA",25,19,0,2,4,0.6
"1382","Q9UHV9","noCMA",25,0,0,23,2,-0.08
"1383","Q53GG5","CMA",25,0,0,23,2,-0.08
"1384","Q53GG5","noCMA",25,0,0,24,1,-0.04
"1385","P30520","CMA",25,3,0,20,2,0.04
"1386","P30520","noCMA",25,0,0,23,2,-0.08
"1387","A4D1S5","CMA",25,22,0,1,2,0.8
"1388","A4D1S5","noCMA",25,23,0,1,1,0.88
"1389","Q9ULC3","CMA",25,22,0,1,2,0.8
"1390","Q9ULC3","noCMA",25,16,0,4,5,0.44
"1391","Q9BZG1","CMA",25,21,0,2,2,0.76
"1392","Q9BZG1","noCMA",25,17,0,7,1,0.64
"1393","P20339","CMA",25,21,0,2,2,0.76
"1394","P20339","noCMA",25,11,0,13,1,0.4
"1395","P12272","CMA",25,22,0,0,3,0.76
"1396","P12272","noCMA",25,3,0,3,19,-0.64
"1397","P26022","CMA",25,4,0,19,2,0.08
"1398","P26022","noCMA",25,0,0,5,20,-0.8
"1399","O14966","CMA",25,0,0,23,2,-0.08
"1400","O14966","noCMA",25,0,0,21,4,-0.16
"1401","Q99638","CMA",25,1,0,22,2,-0.04
"1402","Q99638","noCMA",25,0,0,21,4,-0.16
"1403","P55042","CMA",25,21,0,2,2,0.76
"1404","P55042","noCMA",25,3,1,20,1,0.1
"1405","Q04671","CMA",25,20,0,3,2,0.72
"1406","Q04671","noCMA",25,3,2,11,9,-0.2
"1407","Q6ZS82","CMA",25,14,0,3,8,0.24
"1408","Q6ZS82","noCMA",25,0,0,7,18,-0.72
"1409","P61020","CMA",25,22,0,1,2,0.8
"1410","P61020","noCMA",25,16,0,8,1,0.6
"1411","P51148","CMA",25,21,0,2,2,0.76
"1412","P51148","noCMA",25,11,0,13,1,0.4
"1413","O60216","CMA",25,15,0,8,2,0.52
"1414","O60216","noCMA",25,2,1,21,1,0.06
"1415","Q9Y3L5","CMA",25,23,0,0,2,0.84
"1416","Q9Y3L5","noCMA",25,18,0,6,1,0.68
"1417","Q9BRP8","CMA",25,20,0,0,5,0.6
"1418","Q9BRP8","noCMA",25,10,1,10,4,0.26
"1419","P35236","CMA",25,14,0,9,2,0.48
"1420","P35236","noCMA",25,3,2,19,1,0.12
"1421","Q6UWS5","CMA",25,6,0,0,19,-0.52
"1422","Q6UWS5","noCMA",25,2,0,7,16,-0.56
"1423","Q5T653","CMA",25,3,0,19,3,0
"1424","Q5T653","noCMA",25,1,2,19,3,-0.04
"1425","Q9BZE1","CMA",25,18,0,4,3,0.6
"1426","Q9BZE1","noCMA",25,0,1,19,5,-0.18
"1427","Q96E39","CMA",25,14,0,8,3,0.44
"1428","Q96E39","noCMA",25,6,0,4,15,-0.36
"1429","Q96E14","CMA",25,9,0,8,8,0.04
"1430","Q96E14","noCMA",25,0,0,6,19,-0.76
"1431","Q9H9V9","CMA",25,1,0,21,3,-0.08
"1432","Q9H9V9","noCMA",25,0,0,22,3,-0.12
"1433","P08779","CMA",25,9,0,14,2,0.28
"1434","P08779","noCMA",25,0,0,6,19,-0.76
"1435","Q9UHA7","CMA",25,4,0,10,11,-0.28
"1436","Q9UHA7","noCMA",25,0,0,0,25,-1
"1437","Q17R60","CMA",25,3,0,20,2,0.04
"1438","Q17R60","noCMA",25,0,0,7,18,-0.72
"1439","Q9BT40","CMA",25,2,0,21,2,0
"1440","Q9BT40","noCMA",25,1,0,23,1,0
"1441","P51460","CMA",25,7,0,6,12,-0.2
"1442","P51460","noCMA",25,0,0,0,25,-1
"1443","Q14641","CMA",25,4,0,1,20,-0.64
"1444","Q14641","noCMA",25,0,0,0,25,-1
"1445","Q8WYK2","CMA",25,20,0,3,2,0.72
"1446","Q8WYK2","noCMA",25,0,0,24,1,-0.04
"1447","Q13387","CMA",25,0,0,21,4,-0.16
"1448","Q13387","noCMA",25,0,0,21,4,-0.16
"1449","Q8WWU7","CMA",25,5,0,11,9,-0.16
"1450","Q8WWU7","noCMA",25,0,0,5,20,-0.8
"1451","Q9UIJ7","CMA",25,1,0,22,2,-0.04
"1452","Q9UIJ7","noCMA",25,0,0,24,1,-0.04
"1453","P40933","CMA",25,10,5,7,3,0.38
"1454","P40933","noCMA",25,0,0,0,25,-1
"1455","Q7Z7F0","CMA",25,15,0,1,9,0.24
"1456","Q7Z7F0","noCMA",25,1,0,0,24,-0.92
"1457","P80217","CMA",25,9,1,10,5,0.18
"1458","P80217","noCMA",25,0,0,6,19,-0.76
"1459","Q8NBZ0","CMA",25,21,0,0,4,0.68
"1460","Q8NBZ0","noCMA",25,10,0,8,7,0.12
"1461","P55103","CMA",25,0,0,23,2,-0.08
"1462","P55103","noCMA",25,0,0,22,3,-0.12
"1463","A1A4Y4","CMA",25,3,0,7,15,-0.48
"1464","A1A4Y4","noCMA",25,0,0,0,25,-1
"1465","Q1ZYL8","CMA",25,17,0,0,8,0.36
"1466","Q1ZYL8","noCMA",25,0,0,0,25,-1
"1467","Q9NWZ3","CMA",25,0,0,23,2,-0.08
"1468","Q9NWZ3","noCMA",25,0,0,21,4,-0.16
"1469","P26010","CMA",25,15,0,8,2,0.52
"1470","P26010","noCMA",25,0,0,22,3,-0.12
"1471","Q8TAC2","CMA",25,21,0,2,2,0.76
"1472","Q8TAC2","noCMA",25,10,0,10,5,0.2
"1473","A8MTL0","CMA",25,2,0,15,8,-0.24
"1474","A8MTL0","noCMA",25,0,0,0,25,-1
"1475","Q8IY47","CMA",25,23,0,0,2,0.84
"1476","Q8IY47","noCMA",25,5,0,17,3,0.08
"1477","Q7Z418","CMA",25,0,0,23,2,-0.08
"1478","Q7Z418","noCMA",25,0,1,22,2,-0.06
"1479","Q1A5X6","CMA",25,2,0,16,7,-0.2
"1480","Q1A5X6","noCMA",25,0,0,2,23,-0.92
"1481","Q6ICG6","CMA",25,19,0,0,6,0.52
"1482","Q6ICG6","noCMA",25,5,1,16,3,0.1
"1483","Q5VZ46","CMA",25,15,0,7,3,0.48
"1484","Q5VZ46","noCMA",25,0,0,9,16,-0.64
"1485","Q6YP21","CMA",25,19,0,4,2,0.68
"1486","Q6YP21","noCMA",25,0,0,23,2,-0.08
"1487","Q14500","CMA",25,0,0,23,2,-0.08
"1488","Q14500","noCMA",25,1,1,19,4,-0.1
"1489","Q6B0I6","CMA",25,4,10,7,4,0.2
"1490","Q6B0I6","noCMA",25,0,13,11,1,0.22
"1491","Q587J8","CMA",25,4,0,13,8,-0.16
"1492","Q587J8","noCMA",25,0,0,0,25,-1
"1493","O75525","CMA",25,19,0,4,2,0.68
"1494","O75525","noCMA",25,5,1,16,3,0.1
"1495","Q9Y2U9","CMA",25,17,0,6,2,0.6
"1496","Q9Y2U9","noCMA",25,0,0,24,1,-0.04
"1497","Q9P2N7","CMA",25,13,0,10,2,0.44
"1498","Q9P2N7","noCMA",25,0,0,22,3,-0.12
"1499","O94819","CMA",25,0,0,23,2,-0.08
"1500","O94819","noCMA",25,0,0,17,8,-0.32
"1501","B7U540","CMA",25,0,0,23,2,-0.08
"1502","B7U540","noCMA",25,1,1,19,4,-0.1
"1503","Q9NQR1","CMA",25,16,0,6,3,0.52
"1504","Q9NQR1","noCMA",25,0,1,21,3,-0.1
"1505","Q9UBP8","CMA",25,2,2,1,20,-0.68
"1506","Q9UBP8","noCMA",25,0,0,0,25,-1
"1507","Q8IWV1","CMA",25,5,0,17,3,0.08
"1508","Q8IWV1","noCMA",25,0,0,0,25,-1
"1509","Q96T54","CMA",25,0,0,23,2,-0.08
"1510","Q96T54","noCMA",25,1,0,22,2,-0.04
"1511","A6NCF5","CMA",25,13,0,10,2,0.44
"1512","A6NCF5","noCMA",25,0,0,17,8,-0.32
"1513","Q9UKR3","CMA",25,7,0,16,2,0.2
"1514","Q9UKR3","noCMA",25,1,2,19,3,-0.04
"1515","Q9NSB4","CMA",25,23,0,0,2,0.84
"1516","Q9NSB4","noCMA",25,8,0,0,17,-0.36
"1517","Q5T749","CMA",25,10,0,3,12,-0.08
"1518","Q5T749","noCMA",25,0,0,0,25,-1
"1519","Q9HA64","CMA",25,9,8,6,2,0.44
"1520","Q9HA64","noCMA",25,0,0,15,10,-0.4
"1521","Q9NUP9","CMA",25,21,0,2,2,0.76
"1522","Q9NUP9","noCMA",25,15,0,6,4,0.44
"1523","Q9NZU5","CMA",25,17,2,3,3,0.6
"1524","Q9NZU5","noCMA",25,0,1,4,20,-0.78
"1525","Q9Y4W2","CMA",25,17,0,5,3,0.56
"1526","Q9Y4W2","noCMA",25,0,0,21,4,-0.16
"1527","P11150","CMA",25,11,0,11,3,0.32
"1528","P11150","noCMA",25,2,0,4,19,-0.68
"1529","P06858","CMA",25,0,0,23,2,-0.08
"1530","P06858","noCMA",25,0,0,8,17,-0.68
"1531","Q9P2G9","CMA",25,21,0,2,2,0.76
"1532","Q9P2G9","noCMA",25,5,0,17,3,0.08
"1533","P18627","CMA",25,9,1,12,3,0.26
"1534","P18627","noCMA",25,0,0,1,24,-0.96
"1535","Q9UQV4","CMA",25,2,0,21,2,0
"1536","Q9UQV4","noCMA",25,0,0,20,5,-0.2
"1537","P19256","CMA",25,5,1,8,11,-0.22
"1538","P19256","noCMA",25,0,0,3,22,-0.88
"1539","Q9Y664","CMA",25,8,0,12,5,0.12
"1540","Q9Y664","noCMA",25,1,0,13,11,-0.4
"1541","Q68G75","CMA",25,5,0,13,7,-0.08
"1542","Q68G75","noCMA",25,0,0,1,24,-0.96
"1543","Q8N1A0","CMA",25,20,0,2,3,0.68
"1544","Q8N1A0","noCMA",25,0,0,4,21,-0.84
"1545","P15018","CMA",25,15,0,6,4,0.44
"1546","P15018","noCMA",25,0,0,1,24,-0.96
"1547","Q9HAP6","CMA",25,21,0,2,2,0.76
"1548","Q9HAP6","noCMA",25,15,0,6,4,0.44
"1549","Q86VZ4","CMA",25,9,0,13,3,0.24
"1550","Q86VZ4","noCMA",25,3,0,5,17,-0.56
"1551","Q8NAA5","CMA",25,5,0,5,15,-0.4
"1552","Q8NAA5","noCMA",25,0,0,2,23,-0.92
"1553","Q2I0M4","CMA",25,3,0,20,2,0.04
"1554","Q2I0M4","noCMA",25,0,0,24,1,-0.04
"1555","P12980","CMA",25,13,0,10,2,0.44
"1556","P12980","noCMA",25,0,0,21,4,-0.16
"1557","Q8TCA0","CMA",25,19,0,3,3,0.64
"1558","Q8TCA0","noCMA",25,4,0,13,8,-0.16
"1559","Q9HCI5","CMA",25,5,0,17,3,0.08
"1560","Q9HCI5","noCMA",25,4,0,15,6,-0.08
"1561","Q8N149","CMA",25,4,0,18,3,0.04
"1562","Q8N149","noCMA",25,0,0,0,25,-1
"1563","Q496Y0","CMA",25,0,0,23,2,-0.08
"1564","Q496Y0","noCMA",25,0,0,24,1,-0.04
"1565","Q9BRA0","CMA",25,7,0,0,18,-0.44
"1566","Q9BRA0","noCMA",25,4,0,2,19,-0.6
"1567","Q969L4","CMA",25,0,0,23,2,-0.08
"1568","Q969L4","noCMA",25,0,0,23,2,-0.08
"1569","Q92585","CMA",25,17,0,4,4,0.52
"1570","Q92585","noCMA",25,0,0,7,18,-0.72
"1571","Q8N386","CMA",25,4,0,14,7,-0.12
"1572","Q8N386","noCMA",25,0,0,0,25,-1
"1573","Q9P2E8","CMA",25,22,0,1,2,0.8
"1574","Q9P2E8","noCMA",25,7,1,16,1,0.26
"1575","O60337","CMA",25,0,0,23,2,-0.08
"1576","O60337","noCMA",25,0,0,24,1,-0.04
"1577","Q86YJ5","CMA",25,20,0,3,2,0.72
"1578","Q86YJ5","noCMA",25,7,1,16,1,0.26
"1579","O60711","CMA",25,14,0,9,2,0.48
"1580","O60711","noCMA",25,2,0,22,1,0.04
"1581","Q8ND56","CMA",25,3,0,20,2,0.04
"1582","Q8ND56","noCMA",25,0,0,23,2,-0.08
"1583","P14151","CMA",25,12,0,8,5,0.28
"1584","P14151","noCMA",25,0,0,1,24,-0.96
"1585","P22888","CMA",25,1,0,22,2,-0.04
"1586","P22888","noCMA",25,0,1,20,4,-0.14
"1587","Q16798","CMA",25,18,1,4,2,0.66
"1588","Q16798","noCMA",25,2,1,19,3,-0.02
"1589","D6RGH6","CMA",25,12,1,1,11,0.06
"1590","D6RGH6","noCMA",25,0,1,3,21,-0.82
"1591","P50221","CMA",25,20,0,3,2,0.72
"1592","P50221","noCMA",25,7,1,13,4,0.14
"1593","P50222","CMA",25,22,0,1,2,0.8
"1594","P50222","noCMA",25,7,0,14,4,0.12
"1595","Q9BY79","CMA",25,13,0,10,2,0.44
"1596","Q9BY79","noCMA",25,1,0,21,3,-0.08
"1597","O75030","CMA",25,18,0,5,2,0.64
"1598","O75030","noCMA",25,7,1,15,2,0.22
"1599","P51512","CMA",25,0,0,23,2,-0.08
"1600","P51512","noCMA",25,1,1,20,3,-0.06
"1601","Q9ULZ9","CMA",25,2,0,21,2,0
"1602","Q9ULZ9","noCMA",25,0,0,22,3,-0.12
"1603","Q9UI95","CMA",25,21,0,1,3,0.72
"1604","Q9UI95","noCMA",25,5,0,13,7,-0.08
"1605","Q9NX70","CMA",25,17,0,2,6,0.44
"1606","Q9NX70","noCMA",25,6,0,11,8,-0.08
"1607","Q9BUU2","CMA",25,13,0,4,8,0.2
"1608","Q9BUU2","noCMA",25,0,2,16,7,-0.24
"1609","Q9UJH8","CMA",25,5,0,10,10,-0.2
"1610","Q9UJH8","noCMA",25,1,1,5,18,-0.66
"1611","P32245","CMA",25,1,0,22,2,-0.04
"1612","P32245","noCMA",25,1,0,21,3,-0.08
"1613","Q9NZL9","CMA",25,22,0,0,3,0.76
"1614","Q9NZL9","noCMA",25,3,1,6,15,-0.46
"1615","Q8IXL7","CMA",25,0,0,23,2,-0.08
"1616","Q8IXL7","noCMA",25,0,0,24,1,-0.04
"1617","Q9NPC7","CMA",25,20,1,2,2,0.74
"1618","Q9NPC7","noCMA",25,1,0,23,1,0
"1619","P15172","CMA",25,19,0,4,2,0.68
"1620","P15172","noCMA",25,0,1,15,9,-0.34
"1621","Q15777","CMA",25,23,0,0,2,0.84
"1622","Q15777","noCMA",25,6,0,12,7,-0.04
"1623","Q8N565","CMA",25,21,0,2,2,0.76
"1624","Q8N565","noCMA",25,1,0,6,18,-0.68
"1625","Q01726","CMA",25,9,0,14,2,0.28
"1626","Q01726","noCMA",25,5,2,15,3,0.12
"1627","Q9H3R2","CMA",25,3,0,19,3,0
"1628","Q9H3R2","noCMA",25,0,0,2,23,-0.92
"1629","P15531","CMA",25,18,1,4,2,0.66
"1630","P15531","noCMA",25,4,3,17,1,0.18
"1631","P23409","CMA",25,22,0,1,2,0.8
"1632","P23409","noCMA",25,5,0,11,9,-0.16
"1633","Q9HB07","CMA",25,17,0,4,4,0.52
"1634","Q9HB07","noCMA",25,0,0,24,1,-0.04
"1635","P15173","CMA",25,22,0,1,2,0.8
"1636","P15173","noCMA",25,5,0,11,9,-0.16
"1637","Q9BSU3","CMA",25,9,1,9,6,0.14
"1638","Q9BSU3","noCMA",25,2,0,22,1,0.04
"1639","Q13508","CMA",25,17,0,5,3,0.56
"1640","Q13508","noCMA",25,0,0,1,24,-0.96
"1641","Q96HR8","CMA",25,18,0,4,3,0.6
"1642","Q96HR8","noCMA",25,0,0,20,5,-0.2
"1643","Q9HC58","CMA",25,1,18,4,2,0.32
"1644","Q9HC58","noCMA",25,0,8,13,4,0
"1645","P17050","CMA",25,1,0,22,2,-0.04
"1646","P17050","noCMA",25,0,0,23,2,-0.08
"1647","P51970","CMA",25,17,2,4,2,0.64
"1648","P51970","noCMA",25,0,10,11,4,0.04
"1649","Q9NPG2","CMA",25,0,0,23,2,-0.08
"1650","Q9NPG2","noCMA",25,0,1,21,3,-0.1
"1651","O60361","CMA",25,16,1,6,2,0.58
"1652","O60361","noCMA",25,5,3,16,1,0.22
"1653","P22392","CMA",25,16,1,6,2,0.58
"1654","P22392","noCMA",25,6,3,15,1,0.26
"1655","Q99608","CMA",25,17,0,5,3,0.56
"1656","Q99608","noCMA",25,4,0,15,6,-0.08
"1657","Q9UK39","CMA",25,0,0,23,2,-0.08
"1658","Q9UK39","noCMA",25,0,0,24,1,-0.04
"1659","P01185","CMA",25,12,0,6,7,0.2
"1660","P01185","noCMA",25,0,0,8,17,-0.68
"1661","P40261","CMA",25,5,0,16,4,0.04
"1662","P40261","noCMA",25,0,1,6,18,-0.7
"1663","Q8NA29","CMA",25,14,0,9,2,0.48
"1664","Q8NA29","noCMA",25,0,0,20,5,-0.2
"1665","Q9HBY0","CMA",25,12,2,9,2,0.44
"1666","Q9HBY0","noCMA",25,0,0,23,2,-0.08
"1667","O75200","CMA",25,1,0,1,23,-0.88
"1668","O75200","noCMA",25,0,0,0,25,-1
"1669","Q9UQ49","CMA",25,0,0,23,2,-0.08
"1670","Q9UQ49","noCMA",25,0,2,6,17,-0.64
"1671","Q8NC67","CMA",25,23,0,0,2,0.84
"1672","Q8NC67","noCMA",25,5,0,13,7,-0.08
"1673","C9JG80","CMA",25,1,0,7,17,-0.64
"1674","C9JG80","noCMA",25,0,0,5,20,-0.8
"1675","F8W1W9","CMA",25,1,0,1,23,-0.88
"1676","F8W1W9","noCMA",25,0,0,0,25,-1
"1677","Q86WB0","CMA",25,21,0,2,2,0.76
"1678","Q86WB0","noCMA",25,2,0,9,14,-0.48
"1679","Q96E22","CMA",25,23,0,0,2,0.84
"1680","Q96E22","noCMA",25,4,0,17,4,0
"1681","Q9NX24","CMA",25,19,0,2,4,0.6
"1682","Q9NX24","noCMA",25,17,0,6,2,0.6
"1683","Q9UHC9","CMA",25,16,0,7,2,0.56
"1684","Q9UHC9","noCMA",25,0,0,24,1,-0.04
"1685","A8MRT5","CMA",25,1,0,7,17,-0.64
"1686","A8MRT5","noCMA",25,0,0,5,20,-0.8
"1687","Q9BXD5","CMA",25,14,0,8,3,0.44
"1688","Q9BXD5","noCMA",25,2,1,14,8,-0.22
"1689","Q9BS92","CMA",25,9,0,14,2,0.28
"1690","Q9BS92","noCMA",25,0,0,21,4,-0.16
"1691","P47972","CMA",25,18,0,5,2,0.64
"1692","P47972","noCMA",25,4,1,4,16,-0.46
"1693","P29120","CMA",25,1,0,22,2,-0.04
"1694","P29120","noCMA",25,0,0,24,1,-0.04
"1695","Q9BR09","CMA",25,5,0,12,8,-0.12
"1696","Q9BR09","noCMA",25,0,0,19,6,-0.24
"1697","Q96MY1","CMA",25,22,0,0,3,0.76
"1698","Q96MY1","noCMA",25,12,0,3,10,0.08
"1699","Q9NXX6","CMA",25,16,0,7,2,0.56
"1700","Q9NXX6","noCMA",25,0,0,21,4,-0.16
"1701","Q9H2C8","CMA",25,19,0,1,5,0.56
"1702","Q9H2C8","noCMA",25,0,0,0,25,-1
"1703","Q99801","CMA",25,13,0,10,2,0.44
"1704","Q99801","noCMA",25,0,0,22,3,-0.12
"1705","A6NJU9","CMA",25,1,0,7,17,-0.64
"1706","A6NJU9","noCMA",25,0,0,5,20,-0.8
"1707","Q9Y5X5","CMA",25,0,0,23,2,-0.08
"1708","Q9Y5X5","noCMA",25,1,0,21,3,-0.08
"1709","Q9UFN0","CMA",25,9,0,14,2,0.28
"1710","Q9UFN0","noCMA",25,0,0,21,4,-0.16
"1711","Q5VZ03","CMA",25,0,0,22,3,-0.12
"1712","Q5VZ03","noCMA",25,0,0,17,8,-0.32
"1713","Q96R54","CMA",25,4,0,17,4,0
"1714","Q96R54","noCMA",25,0,0,5,20,-0.8
"1715","Q6IF63","CMA",25,7,0,8,10,-0.12
"1716","Q6IF63","noCMA",25,0,0,0,25,-1
"1717","Q8NGH5","CMA",25,16,0,5,4,0.48
"1718","Q8NGH5","noCMA",25,0,0,1,24,-0.96
"1719","Q8TCD5","CMA",25,15,0,7,3,0.48
"1720","Q8TCD5","noCMA",25,2,0,3,20,-0.72
"1721","Q8NGF6","CMA",25,1,0,20,4,-0.12
"1722","Q8NGF6","noCMA",25,0,0,0,25,-1
"1723","P58182","CMA",25,5,0,9,11,-0.24
"1724","P58182","noCMA",25,0,0,1,24,-0.96
"1725","Q9UGF5","CMA",25,6,1,14,4,0.1
"1726","Q9UGF5","noCMA",25,0,0,5,20,-0.8
"1727","Q8TCB6","CMA",25,0,1,22,2,-0.06
"1728","Q8TCB6","noCMA",25,0,0,1,24,-0.96
"1729","Q8NGH8","CMA",25,15,0,6,4,0.44
"1730","Q8NGH8","noCMA",25,0,0,1,24,-0.96
"1731","P0C025","CMA",25,0,0,20,5,-0.2
"1732","P0C025","noCMA",25,0,0,11,14,-0.56
"1733","Q9BRQ3","CMA",25,0,0,18,7,-0.28
"1734","Q9BRQ3","noCMA",25,0,0,10,15,-0.6
"1735","Q8TAK6","CMA",25,9,0,14,2,0.28
"1736","Q8TAK6","noCMA",25,0,0,22,3,-0.12
"1737","Q5VXU1","CMA",25,10,0,13,2,0.32
"1738","Q5VXU1","noCMA",25,7,1,12,5,0.1
"1739","Q969G9","CMA",25,17,0,5,3,0.56
"1740","Q969G9","noCMA",25,1,0,12,12,-0.44
"1741","O95897","CMA",25,12,0,0,13,-0.04
"1742","O95897","noCMA",25,0,0,7,18,-0.72
"1743","E5RHQ5","CMA",25,0,0,8,17,-0.68
"1744","E5RHQ5","noCMA",25,0,0,5,20,-0.8
"1745","P55055","CMA",25,16,0,7,2,0.56
"1746","P55055","noCMA",25,1,0,21,3,-0.08
"1747","P10588","CMA",25,20,0,3,2,0.72
"1748","P10588","noCMA",25,18,1,3,3,0.62
"1749","Q99457","CMA",25,15,0,8,2,0.52
"1750","Q99457","noCMA",25,0,0,24,1,-0.04
"1751","P25116","CMA",25,19,0,2,4,0.6
"1752","P25116","noCMA",25,1,0,5,19,-0.72
"1753","Q9Y5E7","CMA",25,1,1,21,2,-0.02
"1754","Q9Y5E7","noCMA",25,2,0,20,3,-0.04
"1755","Q9Y5G1","CMA",25,0,0,23,2,-0.08
"1756","Q9Y5G1","noCMA",25,0,0,22,3,-0.12
"1757","O15212","CMA",25,19,0,1,5,0.56
"1758","O15212","noCMA",25,0,0,17,8,-0.32
"1759","Q8TCD6","CMA",25,0,0,22,3,-0.12
"1760","Q8TCD6","noCMA",25,1,0,18,6,-0.2
"1761","Q99453","CMA",25,19,0,1,5,0.56
"1762","Q99453","noCMA",25,11,0,3,11,0
"1763","P01210","CMA",25,19,1,3,2,0.7
"1764","P01210","noCMA",25,2,0,4,19,-0.68
"1765","P53611","CMA",25,14,0,9,2,0.48
"1766","P53611","noCMA",25,2,0,20,3,-0.04
"1767","Q7Z736","CMA",25,17,0,2,6,0.44
"1768","Q7Z736","noCMA",25,0,0,7,18,-0.72
"1769","Q9NZF1","CMA",25,22,0,0,3,0.76
"1770","Q9NZF1","noCMA",25,4,0,1,20,-0.64
"1771","Q96N28","CMA",25,2,0,21,2,0
"1772","Q96N28","noCMA",25,0,2,20,3,-0.08
"1773","P05165","CMA",25,23,0,0,2,0.84
"1774","P05165","noCMA",25,20,1,2,2,0.74
"1775","Q86TG7","CMA",25,0,0,18,7,-0.28
"1776","Q86TG7","noCMA",25,0,0,3,22,-0.88
"1777","P53609","CMA",25,22,0,1,2,0.8
"1778","P53609","noCMA",25,6,0,17,2,0.16
"1779","Q96FC7","CMA",25,18,0,4,3,0.6
"1780","Q96FC7","noCMA",25,2,0,6,17,-0.6
"1781","O14813","CMA",25,19,0,1,5,0.56
"1782","O14813","noCMA",25,11,0,3,11,0
"1783","Q96BK5","CMA",25,1,1,21,2,-0.02
"1784","Q96BK5","noCMA",25,0,1,20,4,-0.14
"1785","Q8NG27","CMA",25,0,0,23,2,-0.08
"1786","Q8NG27","noCMA",25,0,0,24,1,-0.04
"1787","Q9GZP4","CMA",25,20,0,2,3,0.68
"1788","Q9GZP4","noCMA",25,3,0,17,5,-0.08
"1789","Q9NQX1","CMA",25,23,0,0,2,0.84
"1790","Q9NQX1","noCMA",25,5,0,19,1,0.16
"1791","Q8NEB5","CMA",25,3,0,20,2,0.04
"1792","Q8NEB5","noCMA",25,0,0,24,1,-0.04
"1793","Q99575","CMA",25,16,1,6,2,0.58
"1794","Q99575","noCMA",25,1,0,21,3,-0.08
"1795","B2RU33","CMA",25,0,0,20,5,-0.2
"1796","B2RU33","noCMA",25,0,0,8,17,-0.68
"1797","Q6S545","CMA",25,0,0,23,2,-0.08
"1798","Q6S545","noCMA",25,0,0,24,1,-0.04
"1799","Q9ULN7","CMA",25,3,0,19,3,0
"1800","Q9ULN7","noCMA",25,0,0,24,1,-0.04
"1801","Q86YR6","CMA",25,2,0,5,18,-0.64
"1802","Q86YR6","noCMA",25,0,0,3,22,-0.88
"1803","Q6S5H5","CMA",25,2,0,5,18,-0.64
"1804","Q6S5H5","noCMA",25,0,0,3,22,-0.88
"1805","Q9NYY3","CMA",25,20,0,3,2,0.72
"1806","Q9NYY3","noCMA",25,8,0,16,1,0.28
"1807","Q06830","CMA",25,3,0,20,2,0.04
"1808","Q06830","noCMA",25,5,0,19,1,0.16
"1809","Q96AD5","CMA",25,1,0,22,2,-0.04
"1810","Q96AD5","noCMA",25,0,0,22,3,-0.12
"1811","Q8IY26","CMA",25,14,1,2,8,0.26
"1812","Q8IY26","noCMA",25,0,0,20,5,-0.2
"1813","P27169","CMA",25,3,1,18,3,0.02
"1814","P27169","noCMA",25,0,0,9,16,-0.64
"1815","P36873","CMA",25,4,0,16,5,-0.04
"1816","P36873","noCMA",25,5,1,16,3,0.1
"1817","P13686","CMA",25,13,0,5,7,0.24
"1818","P13686","noCMA",25,1,0,6,18,-0.68
"1819","Q86VD9","CMA",25,5,1,14,5,0.02
"1820","Q86VD9","noCMA",25,0,0,16,9,-0.36
"1821","O43688","CMA",25,0,0,23,2,-0.08
"1822","O43688","noCMA",25,0,0,24,1,-0.04
"1823","O75817","CMA",25,19,0,2,4,0.6
"1824","O75817","noCMA",25,5,0,9,11,-0.24
"1825","Q9H8P0","CMA",25,18,1,4,2,0.66
"1826","Q9H8P0","noCMA",25,4,1,17,3,0.06
"1827","Q9NVS9","CMA",25,22,0,0,3,0.76
"1828","Q9NVS9","noCMA",25,10,1,12,2,0.34
"1829","Q8TB68","CMA",25,13,0,2,10,0.12
"1830","Q8TB68","noCMA",25,3,0,0,22,-0.76
"1831","A6NI47","CMA",25,2,0,5,18,-0.64
"1832","A6NI47","noCMA",25,0,0,3,22,-0.88
"1833","Q5JTB6","CMA",25,2,0,14,9,-0.28
"1834","Q5JTB6","noCMA",25,0,0,0,25,-1
"1835","P11465","CMA",25,1,0,0,24,-0.92
"1836","P11465","noCMA",25,0,0,0,25,-1
"1837","Q9UQ74","CMA",25,0,0,4,21,-0.84
"1838","Q9UQ74","noCMA",25,0,0,1,24,-0.96
"1839","P07988","CMA",25,9,4,10,2,0.36
"1840","P07988","noCMA",25,0,0,22,3,-0.12
"1841","Q13882","CMA",25,4,2,17,2,0.12
"1842","Q13882","noCMA",25,0,0,22,3,-0.12
"1843","Q8N142","CMA",25,18,0,5,2,0.64
"1844","Q8N142","noCMA",25,4,0,19,2,0.08
"1845","P54821","CMA",25,1,0,22,2,-0.04
"1846","P54821","noCMA",25,0,0,24,1,-0.04
"1847","Q9UQ72","CMA",25,1,0,3,21,-0.8
"1848","Q9UQ72","noCMA",25,0,0,1,24,-0.96
"1849","O95997","CMA",25,7,0,16,2,0.2
"1850","O95997","noCMA",25,0,0,1,24,-0.96
"1851","P04070","CMA",25,12,0,6,7,0.2
"1852","P04070","noCMA",25,1,0,6,18,-0.68
"1853","Q8TCE9","CMA",25,2,0,21,2,0
"1854","Q8TCE9","noCMA",25,0,0,20,5,-0.2
"1855","Q5FWE3","CMA",25,3,0,16,6,-0.12
"1856","Q5FWE3","noCMA",25,0,0,4,21,-0.84
"1857","B7ZBB8","CMA",25,0,0,23,2,-0.08
"1858","B7ZBB8","noCMA",25,0,0,23,2,-0.08
"1859","O75688","CMA",25,22,0,1,2,0.8
"1860","O75688","noCMA",25,10,0,14,1,0.36
"1861","P53041","CMA",25,14,0,8,3,0.44
"1862","P53041","noCMA",25,4,0,18,3,0.04
"1863","Q8IZ63","CMA",25,2,0,11,12,-0.4
"1864","Q8IZ63","noCMA",25,0,0,0,25,-1
"1865","E5RG02","CMA",25,0,0,23,2,-0.08
"1866","E5RG02","noCMA",25,0,0,22,3,-0.12
"1867","P60673","CMA",25,13,0,2,10,0.12
"1868","P60673","noCMA",25,0,0,1,24,-0.96
"1869","Q7RTY5","CMA",25,7,0,16,2,0.2
"1870","Q7RTY5","noCMA",25,0,0,22,3,-0.12
"1871","Q56P42","CMA",25,1,1,1,22,-0.82
"1872","Q56P42","noCMA",25,0,0,0,25,-1
"1873","Q16769","CMA",25,7,2,14,2,0.24
"1874","Q16769","noCMA",25,0,3,20,2,-0.02
"1875","P61225","CMA",25,23,0,0,2,0.84
"1876","P61225","noCMA",25,17,0,7,1,0.64
"1877","Q96IS3","CMA",25,21,0,2,2,0.76
"1878","Q96IS3","noCMA",25,15,0,9,1,0.56
"1879","O00391","CMA",25,0,0,23,2,-0.08
"1880","O00391","noCMA",25,0,0,19,6,-0.24
"1881","Q15286","CMA",25,20,0,3,2,0.72
"1882","Q15286","noCMA",25,21,0,1,3,0.72
"1883","Q92930","CMA",25,19,0,4,2,0.68
"1884","Q92930","noCMA",25,12,0,12,1,0.44
"1885","P10114","CMA",25,23,0,0,2,0.84
"1886","P10114","noCMA",25,18,0,6,1,0.68
"1887","Q86UN3","CMA",25,0,0,23,2,-0.08
"1888","Q86UN3","noCMA",25,4,0,20,1,0.12
"1889","O43502","CMA",25,15,0,7,3,0.48
"1890","O43502","noCMA",25,0,0,20,5,-0.2
"1891","P51153","CMA",25,22,0,1,2,0.8
"1892","P51153","noCMA",25,13,0,11,1,0.48
"1893","P61224","CMA",25,18,0,5,2,0.64
"1894","P61224","noCMA",25,18,0,6,1,0.68
"1895","P51159","CMA",25,23,0,0,2,0.84
"1896","P51159","noCMA",25,15,0,3,7,0.32
"1897","P29558","CMA",25,22,0,1,2,0.8
"1898","P29558","noCMA",25,6,0,17,2,0.16
"1899","Q92781","CMA",25,1,1,21,2,-0.02
"1900","Q92781","noCMA",25,0,0,20,5,-0.2
"1901","P61006","CMA",25,18,0,5,2,0.64
"1902","P61006","noCMA",25,13,0,11,1,0.48
"1903","A6NDE4","CMA",25,1,0,0,24,-0.92
"1904","A6NDE4","noCMA",25,0,1,0,24,-0.94
"1905","P98179","CMA",25,8,0,15,2,0.24
"1906","P98179","noCMA",25,0,0,24,1,-0.04
"1907","A6NEQ0","CMA",25,1,0,0,24,-0.92
"1908","A6NEQ0","noCMA",25,0,1,0,24,-0.94
"1909","Q6PCD5","CMA",25,12,0,10,3,0.36
"1910","Q6PCD5","noCMA",25,0,0,18,7,-0.28
"1911","P29373","CMA",25,18,0,5,2,0.64
"1912","P29373","noCMA",25,2,0,18,5,-0.12
"1913","Q8NDT2","CMA",25,17,0,6,2,0.6
"1914","Q8NDT2","noCMA",25,7,0,14,4,0.12
"1915","Q6NUM9","CMA",25,3,6,14,2,0.16
"1916","Q6NUM9","noCMA",25,0,0,14,11,-0.44
"1917","P0DJD4","CMA",25,1,0,0,24,-0.92
"1918","P0DJD4","noCMA",25,0,1,0,24,-0.94
"1919","O00194","CMA",25,23,0,0,2,0.84
"1920","O00194","noCMA",25,15,0,3,7,0.32
"1921","P38159","CMA",25,14,0,8,3,0.44
"1922","P38159","noCMA",25,6,0,4,15,-0.36
"1923","Q92804","CMA",25,18,0,1,6,0.48
"1924","Q92804","noCMA",25,0,0,2,23,-0.92
"1925","P0DJD3","CMA",25,1,0,0,24,-0.92
"1926","P0DJD3","noCMA",25,0,1,0,24,-0.94
"1927","Q15415","CMA",25,1,0,0,24,-0.92
"1928","Q15415","noCMA",25,0,1,0,24,-0.94
"1929","Q96D15","CMA",25,16,0,7,2,0.56
"1930","Q96D15","noCMA",25,2,0,20,3,-0.04
"1931","Q15434","CMA",25,22,0,1,2,0.8
"1932","Q15434","noCMA",25,8,0,15,2,0.24
"1933","O95072","CMA",25,0,0,23,2,-0.08
"1934","O95072","noCMA",25,0,0,24,1,-0.04
"1935","P0C7P1","CMA",25,1,0,0,24,-0.92
"1936","P0C7P1","noCMA",25,0,1,0,24,-0.94
"1937","Q01201","CMA",25,18,0,2,5,0.52
"1938","Q01201","noCMA",25,0,0,5,20,-0.8
"1939","Q9NS28","CMA",25,15,2,6,2,0.56
"1940","Q9NS28","noCMA",25,0,0,23,2,-0.08
"1941","P17081","CMA",25,21,1,1,2,0.78
"1942","P17081","noCMA",25,7,12,5,1,0.48
"1943","P31350","CMA",25,8,0,15,2,0.24
"1944","P31350","noCMA",25,3,1,20,1,0.1
"1945","P09455","CMA",25,19,0,4,2,0.68
"1946","P09455","noCMA",25,3,0,17,5,-0.08
"1947","P35244","CMA",25,13,0,8,4,0.36
"1948","P35244","noCMA",25,0,0,10,15,-0.6
"1949","Q3KRB8","CMA",25,18,0,5,2,0.64
"1950","Q3KRB8","noCMA",25,5,0,18,2,0.12
"1951","Q8N443","CMA",25,1,2,19,3,-0.04
"1952","Q8N443","noCMA",25,0,4,13,8,-0.24
"1953","P04090","CMA",25,1,0,17,7,-0.24
"1954","P04090","noCMA",25,0,0,0,25,-1
"1955","Q6ZTI6","CMA",25,5,0,12,8,-0.12
"1956","Q6ZTI6","noCMA",25,0,0,6,19,-0.76
"1957","Q92546","CMA",25,14,0,9,2,0.48
"1958","Q92546","noCMA",25,0,0,22,3,-0.12
"1959","O75783","CMA",25,12,0,11,2,0.4
"1960","O75783","noCMA",25,0,0,20,5,-0.2
"1961","Q9BQY4","CMA",25,4,0,19,2,0.08
"1962","Q9BQY4","noCMA",25,0,0,24,1,-0.04
"1963","Q99496","CMA",25,19,0,4,2,0.68
"1964","Q99496","noCMA",25,12,1,7,5,0.3
"1965","Q0VAM2","CMA",25,8,0,15,2,0.24
"1966","Q0VAM2","noCMA",25,0,0,24,1,-0.04
"1967","O76081","CMA",25,2,0,21,2,0
"1968","O76081","noCMA",25,0,1,22,2,-0.06
"1969","Q9H4E5","CMA",25,22,1,0,2,0.82
"1970","Q9H4E5","noCMA",25,7,13,4,1,0.5
"1971","P62913","CMA",25,20,0,3,2,0.72
"1972","P62913","noCMA",25,20,0,4,1,0.76
"1973","Q02543","CMA",25,16,0,5,4,0.48
"1974","Q02543","noCMA",25,2,2,20,1,0.08
"1975","P42766","CMA",25,19,0,2,4,0.6
"1976","P42766","noCMA",25,12,1,9,3,0.38
"1977","Q92901","CMA",25,16,0,6,3,0.52
"1978","Q92901","noCMA",25,2,0,21,2,0
"1979","Q9BT43","CMA",25,6,0,16,3,0.12
"1980","Q9BT43","noCMA",25,0,0,7,18,-0.72
"1981","Q9Y6S9","CMA",25,17,0,6,2,0.6
"1982","Q9Y6S9","noCMA",25,0,0,21,4,-0.16
"1983","O94763","CMA",25,8,0,15,2,0.24
"1984","O94763","noCMA",25,1,0,17,7,-0.24
"1985","Q8N8N0","CMA",25,16,0,0,9,0.28
"1986","Q8N8N0","noCMA",25,2,0,0,23,-0.84
"1987","Q8N7C7","CMA",25,6,0,17,2,0.16
"1988","Q8N7C7","noCMA",25,0,0,22,3,-0.12
"1989","Q9GZS1","CMA",25,19,0,4,2,0.68
"1990","Q9GZS1","noCMA",25,1,0,12,12,-0.44
"1991","Q9Y535","CMA",25,20,0,3,2,0.72
"1992","Q9Y535","noCMA",25,2,0,21,2,0
"1993","P39019","CMA",25,20,0,1,4,0.64
"1994","P39019","noCMA",25,8,2,14,1,0.32
"1995","A6NIZ1","CMA",25,18,0,5,2,0.64
"1996","A6NIZ1","noCMA",25,18,0,6,1,0.68
"1997","Q6XPR3","CMA",25,0,0,17,8,-0.32
"1998","Q6XPR3","noCMA",25,0,0,3,22,-0.88
"1999","Q9Y3D3","CMA",25,17,0,3,5,0.48
"2000","Q9Y3D3","noCMA",25,1,1,21,2,-0.02
"2001","O95707","CMA",25,15,0,6,4,0.44
"2002","O95707","noCMA",25,1,0,21,3,-0.08
"2003","P62857","CMA",25,13,0,4,8,0.2
"2004","P62857","noCMA",25,20,0,0,5,0.6
"2005","P62841","CMA",25,16,0,3,6,0.4
"2006","P62841","noCMA",25,20,0,4,1,0.76
"2007","Q9BPW5","CMA",25,20,0,3,2,0.72
"2008","Q9BPW5","noCMA",25,6,0,18,1,0.2
"2009","Q9UHI7","CMA",25,10,0,13,2,0.32
"2010","Q9UHI7","noCMA",25,6,0,14,5,0.04
"2011","Q9UGH3","CMA",25,10,0,13,2,0.32
"2012","Q9UGH3","noCMA",25,8,0,12,5,0.12
"2013","Q9Y2V3","CMA",25,21,0,2,2,0.76
"2014","Q9Y2V3","noCMA",25,18,0,6,1,0.68
"2015","Q9UHA2","CMA",25,4,0,19,2,0.08
"2016","Q9UHA2","noCMA",25,8,0,12,5,0.12
"2017","Q92503","CMA",25,12,0,11,2,0.4
"2018","Q92503","noCMA",25,5,0,19,1,0.16
"2019","Q9UDX3","CMA",25,17,0,6,2,0.6
"2020","Q9UDX3","noCMA",25,0,3,21,1,0.02
"2021","P0C264","CMA",25,5,0,14,6,-0.04
"2022","P0C264","noCMA",25,0,0,18,7,-0.28
"2023","Q9BXY4","CMA",25,1,0,22,2,-0.04
"2024","Q9BXY4","noCMA",25,2,0,22,1,0.04
"2025","Q9BZW2","CMA",25,0,2,21,2,-0.04
"2026","Q9BZW2","noCMA",25,1,0,22,2,-0.04
"2027","Q9UDX4","CMA",25,18,0,5,2,0.64
"2028","Q9UDX4","noCMA",25,2,0,22,1,0.04
"2029","Q96CW6","CMA",25,8,2,12,3,0.24
"2030","Q96CW6","noCMA",25,0,0,21,4,-0.16
"2031","P57086","CMA",25,14,0,9,2,0.48
"2032","P57086","noCMA",25,0,1,23,1,-0.02
"2033","Q96FQ6","CMA",25,18,0,0,7,0.44
"2034","Q96FQ6","noCMA",25,0,0,0,25,-1
"2035","O43304","CMA",25,12,0,11,2,0.4
"2036","O43304","noCMA",25,5,0,19,1,0.16
"2037","Q9NR83","CMA",25,14,0,0,11,0.12
"2038","Q9NR83","noCMA",25,1,0,2,22,-0.84
"2039","Q8NBW4","CMA",25,0,0,23,2,-0.08
"2040","Q8NBW4","noCMA",25,0,0,24,1,-0.04
"2041","Q96IW7","CMA",25,1,0,22,2,-0.04
"2042","Q96IW7","noCMA",25,3,0,20,2,0.04
"2043","Q8IWT1","CMA",25,16,0,3,6,0.4
"2044","Q8IWT1","noCMA",25,0,1,5,19,-0.74
"2045","Q86UC2","CMA",25,4,0,19,2,0.08
"2046","Q86UC2","noCMA",25,0,0,19,6,-0.24
"2047","P48443","CMA",25,20,0,3,2,0.72
"2048","P48443","noCMA",25,6,0,16,3,0.12
"2049","Q7Z769","CMA",25,11,1,11,2,0.38
"2050","Q7Z769","noCMA",25,1,1,19,4,-0.1
"2051","Q8N357","CMA",25,6,0,15,4,0.08
"2052","Q8N357","noCMA",25,0,0,19,6,-0.24
"2053","Q9NVC3","CMA",25,2,0,21,2,0
"2054","Q9NVC3","noCMA",25,0,0,24,1,-0.04
"2055","Q96GZ6","CMA",25,5,0,18,2,0.12
"2056","Q96GZ6","noCMA",25,0,0,20,5,-0.2
"2057","P33764","CMA",25,13,0,3,9,0.16
"2058","P33764","noCMA",25,0,0,0,25,-1
"2059","O15244","CMA",25,0,0,23,2,-0.08
"2060","O15244","noCMA",25,0,0,23,2,-0.08
"2061","Q9NSD5","CMA",25,6,9,8,2,0.34
"2062","Q9NSD5","noCMA",25,0,4,18,3,-0.04
"2063","Q8TCU3","CMA",25,3,1,19,2,0.06
"2064","Q8TCU3","noCMA",25,0,0,23,2,-0.08
"2065","Q7Z3H4","CMA",25,17,0,6,2,0.6
"2066","Q7Z3H4","noCMA",25,2,0,18,5,-0.12
"2067","Q6UWP8","CMA",25,0,0,20,5,-0.2
"2068","Q6UWP8","noCMA",25,0,0,3,22,-0.88
"2069","P04279","CMA",25,6,0,0,19,-0.52
"2070","P04279","noCMA",25,0,0,0,25,-1
"2071","O75556","CMA",25,4,0,14,7,-0.12
"2072","O75556","noCMA",25,0,0,0,25,-1
"2073","Q9H299","CMA",25,2,0,21,2,0
"2074","Q9H299","noCMA",25,0,1,20,4,-0.14
"2075","Q8IUQ4","CMA",25,16,0,7,2,0.56
"2076","Q8IUQ4","noCMA",25,10,0,12,3,0.28
"2077","A6NLE4","CMA",25,4,0,13,8,-0.16
"2078","A6NLE4","noCMA",25,0,0,0,25,-1
"2079","Q695T7","CMA",25,1,0,22,2,-0.04
"2080","Q695T7","noCMA",25,1,0,21,3,-0.08
"2081","Q6IA17","CMA",25,12,0,5,8,0.16
"2082","Q6IA17","noCMA",25,0,0,9,16,-0.64
"2083","Q5HYK7","CMA",25,3,0,11,11,-0.32
"2084","Q5HYK7","noCMA",25,0,0,7,18,-0.72
"2085","Q9UJC5","CMA",25,1,0,22,2,-0.04
"2086","Q9UJC5","noCMA",25,0,0,21,4,-0.16
"2087","Q96DU3","CMA",25,4,0,16,5,-0.04
"2088","Q96DU3","noCMA",25,0,0,0,25,-1
"2089","Q96I15","CMA",25,1,0,22,2,-0.04
"2090","Q96I15","noCMA",25,0,0,24,1,-0.04
"2091","Q13530","CMA",25,0,0,23,2,-0.08
"2092","Q13530","noCMA",25,0,0,23,2,-0.08
"2093","P0DME0","CMA",25,7,0,16,2,0.2
"2094","P0DME0","noCMA",25,10,0,12,3,0.28
"2095","Q9NZV5","CMA",25,14,0,6,5,0.36
"2096","Q9NZV5","noCMA",25,0,4,7,14,-0.48
"2097","Q8WTS6","CMA",25,19,0,4,2,0.68
"2098","Q8WTS6","noCMA",25,0,1,21,3,-0.1
"2099","Q01105","CMA",25,7,0,16,2,0.2
"2100","Q01105","noCMA",25,10,0,12,3,0.28
"2101","Q9H9B4","CMA",25,19,0,4,2,0.68
"2102","Q9H9B4","noCMA",25,2,0,22,1,0.04
"2103","Q13296","CMA",25,5,0,13,7,-0.08
"2104","Q13296","noCMA",25,0,0,0,25,-1
"2105","Q92186","CMA",25,1,0,22,2,-0.04
"2106","Q92186","noCMA",25,1,0,17,7,-0.24
"2107","Q4G0G5","CMA",25,1,3,19,2,0.02
"2108","Q4G0G5","noCMA",25,0,1,23,1,-0.02
"2109","P50454","CMA",25,19,0,4,2,0.68
"2110","P50454","noCMA",25,0,0,21,4,-0.16
"2111","P19793","CMA",25,21,0,2,2,0.76
"2112","P19793","noCMA",25,16,0,6,3,0.52
"2113","Q96JT2","CMA",25,20,0,3,2,0.72
"2114","Q96JT2","noCMA",25,0,1,16,8,-0.3
"2115","Q6ICB4","CMA",25,3,0,11,11,-0.32
"2116","Q6ICB4","noCMA",25,0,0,0,25,-1
"2117","P61278","CMA",25,20,0,3,2,0.72
"2118","P61278","noCMA",25,0,0,5,20,-0.8
"2119","Q13424","CMA",25,18,0,0,7,0.44
"2120","Q13424","noCMA",25,0,1,2,22,-0.86
"2121","O43255","CMA",25,17,0,6,2,0.6
"2122","O43255","noCMA",25,10,0,12,3,0.28
"2123","Q8N6T7","CMA",25,1,0,19,5,-0.16
"2124","Q8N6T7","noCMA",25,0,0,22,3,-0.12
"2125","P35712","CMA",25,21,0,2,2,0.76
"2126","P35712","noCMA",25,4,0,17,4,0
"2127","Q9Y343","CMA",25,13,0,0,12,0.04
"2128","Q9Y343","noCMA",25,8,0,2,15,-0.28
"2129","Q9C004","CMA",25,19,0,0,6,0.52
"2130","Q9C004","noCMA",25,6,0,1,18,-0.48
"2131","Q8WVI0","CMA",25,12,0,3,10,0.08
"2132","Q8WVI0","noCMA",25,0,0,13,12,-0.48
"2133","Q8WTU2","CMA",25,3,0,20,2,0.04
"2134","Q8WTU2","noCMA",25,0,0,12,13,-0.52
"2135","Q8NDV1","CMA",25,13,0,10,2,0.44
"2136","Q8NDV1","noCMA",25,4,0,14,7,-0.12
"2137","Q969G3","CMA",25,16,0,7,2,0.56
"2138","Q969G3","noCMA",25,13,0,9,3,0.4
"2139","A6NMZ2","CMA",25,3,2,16,4,0
"2140","A6NMZ2","noCMA",25,0,0,0,25,-1
"2141","Q496A3","CMA",25,2,0,18,5,-0.12
"2142","Q496A3","noCMA",25,0,0,4,21,-0.84
"2143","Q9NRA0","CMA",25,17,0,6,2,0.6
"2144","Q9NRA0","noCMA",25,1,1,22,1,0.02
"2145","Q13326","CMA",25,17,1,5,2,0.62
"2146","Q13326","noCMA",25,0,7,12,6,-0.1
"2147","Q8TBC3","CMA",25,11,0,12,2,0.36
"2148","Q8TBC3","noCMA",25,0,0,21,4,-0.16
"2149","Q15506","CMA",25,18,0,4,3,0.6
"2150","Q15506","noCMA",25,4,0,5,16,-0.48
"2151","Q5W111","CMA",25,22,0,1,2,0.8
"2152","Q5W111","noCMA",25,17,0,4,4,0.52
"2153","Q9UJW9","CMA",25,18,0,0,7,0.44
"2154","Q9UJW9","noCMA",25,0,0,0,25,-1
"2155","Q05066","CMA",25,4,3,16,2,0.14
"2156","Q05066","noCMA",25,2,0,15,8,-0.24
"2157","P51649","CMA",25,7,0,14,4,0.12
"2158","P51649","noCMA",25,1,2,21,1,0.04
"2159","Q06520","CMA",25,7,1,15,2,0.22
"2160","Q06520","noCMA",25,0,0,21,4,-0.16
"2161","O43752","CMA",25,0,0,23,2,-0.08
"2162","O43752","noCMA",25,0,1,23,1,-0.02
"2163","Q15833","CMA",25,0,0,23,2,-0.08
"2164","Q15833","noCMA",25,0,0,24,1,-0.04
"2165","Q9BXA5","CMA",25,14,0,3,8,0.24
"2166","Q9BXA5","noCMA",25,0,0,4,21,-0.84
"2167","O75908","CMA",25,0,0,23,2,-0.08
"2168","O75908","noCMA",25,1,0,21,3,-0.08
"2169","A7MD48","CMA",25,13,0,10,2,0.44
"2170","A7MD48","noCMA",25,2,0,1,22,-0.8
"2171","Q86WD7","CMA",25,0,0,23,2,-0.08
"2172","Q86WD7","noCMA",25,1,0,20,4,-0.12
"2173","A1L4H1","CMA",25,10,0,13,2,0.32
"2174","A1L4H1","noCMA",25,0,0,12,13,-0.52
"2175","Q4G0T1","CMA",25,8,7,8,2,0.38
"2176","Q4G0T1","noCMA",25,0,0,12,13,-0.52
"2177","P09132","CMA",25,18,1,2,4,0.58
"2178","P09132","noCMA",25,0,4,18,3,-0.04
"2179","Q9NZQ3","CMA",25,18,0,3,4,0.56
"2180","Q9NZQ3","noCMA",25,5,0,19,1,0.16
"2181","Q658P3","CMA",25,1,0,22,2,-0.04
"2182","Q658P3","noCMA",25,0,0,7,18,-0.72
"2183","Q9Y3F4","CMA",25,20,0,1,4,0.64
"2184","Q9Y3F4","noCMA",25,4,0,16,5,-0.04
"2185","Q6J9G0","CMA",25,0,0,23,2,-0.08
"2186","Q6J9G0","noCMA",25,0,0,22,3,-0.12
"2187","Q6IMI4","CMA",25,0,0,23,2,-0.08
"2188","Q6IMI4","noCMA",25,0,1,20,4,-0.14
"2189","P35346","CMA",25,0,0,23,2,-0.08
"2190","P35346","noCMA",25,0,0,22,3,-0.12
"2191","Q8IZP2","CMA",25,17,0,5,3,0.56
"2192","Q8IZP2","noCMA",25,6,1,10,8,-0.06
"2193","O60499","CMA",25,9,0,14,2,0.28
"2194","O60499","noCMA",25,0,0,24,1,-0.04
"2195","O14662","CMA",25,20,0,2,3,0.68
"2196","O14662","noCMA",25,6,0,17,2,0.16
"2197","P37840","CMA",25,9,0,13,3,0.24
"2198","P37840","noCMA",25,2,0,4,19,-0.68
"2199","O00445","CMA",25,13,0,10,2,0.44
"2200","O00445","noCMA",25,0,0,22,3,-0.12
"2201","Q8N4L1","CMA",25,13,0,8,4,0.36
"2202","Q8N4L1","noCMA",25,1,2,10,12,-0.4
"2203","Q7Z7N9","CMA",25,14,0,4,7,0.28
"2204","Q7Z7N9","noCMA",25,0,0,5,20,-0.8
"2205","Q9H4B7","CMA",25,23,0,0,2,0.84
"2206","Q9H4B7","noCMA",25,23,0,1,1,0.88
"2207","Q15583","CMA",25,4,18,1,2,0.44
"2208","Q15583","noCMA",25,2,3,18,2,0.06
"2209","P50990","CMA",25,10,0,13,2,0.32
"2210","P50990","noCMA",25,16,0,7,2,0.56
"2211","Q15569","CMA",25,17,0,6,2,0.6
"2212","Q15569","noCMA",25,13,0,7,5,0.32
"2213","Q9UQP3","CMA",25,1,0,22,2,-0.04
"2214","Q9UQP3","noCMA",25,0,0,22,3,-0.12
"2215","Q12800","CMA",25,21,0,2,2,0.76
"2216","Q12800","noCMA",25,8,0,13,4,0.16
"2217","Q9UBB9","CMA",25,21,0,1,3,0.72
"2218","Q9UBB9","noCMA",25,7,0,16,2,0.2
"2219","Q8IYR6","CMA",25,11,0,0,14,-0.12
"2220","Q8IYR6","noCMA",25,3,1,2,19,-0.62
"2221","Q5VXT5","CMA",25,11,0,9,5,0.24
"2222","Q5VXT5","noCMA",25,0,0,2,23,-0.92
